2026-09-13 23:03:05.453 [warning] UtilityProcess: ignoring environment variable with an invalid name: 'CommonProgramFiles(x86)'
2026-09-13 23:03:05.453 [warning] UtilityProcess: ignoring environment variable with an invalid name: 'ProgramFiles(x86)'
2026-09-13 23:03:05.481 [info] [RendererPing] enabled (intervalMs=5000, blockThresholdMs=15000, stacks=true)
2026-09-13 23:03:05.494 [info] updateURL https://api2.cursor.sh/updates/api/update/win32-x64-user/cursor/3.20.17/48bd606179787444295b485edee75be85ce17b6e27c128d0bc65a675d74a95ba/stable
2026-09-13 23:03:05.494 [info] update#setState idle
2026-09-13 23:03:06.341 [info] [LocalAgentStorage] Scanned 3 recent databases (skipped 1 old), found 5 agent headers, deduped to 5
2026-09-13 23:03:06.394 [warning] UtilityProcess: ignoring environment variable with an invalid name: '=::'
2026-09-13 23:03:06.394 [warning] UtilityProcess: ignoring environment variable with an invalid name: '=C:'
2026-09-13 23:03:06.394 [warning] UtilityProcess: ignoring environment variable with an invalid name: 'CommonProgramFiles(x86)'
2026-09-13 23:03:06.394 [warning] UtilityProcess: ignoring environment variable with an invalid name: 'ProgramFiles(x86)'
2026-09-13 23:03:06.454 [warning] UtilityProcess: ignoring environment variable with an invalid name: 'CommonProgramFiles(x86)'
2026-09-13 23:03:06.455 [warning] UtilityProcess: ignoring environment variable with an invalid name: 'ProgramFiles(x86)'
2026-09-13 23:03:06.667 [warning] UtilityProcess: ignoring environment variable with an invalid name: '=::'
2026-09-13 23:03:06.667 [warning] UtilityProcess: ignoring environment variable with an invalid name: '=C:'
2026-09-13 23:03:06.668 [warning] UtilityProcess: ignoring environment variable with an invalid name: 'CommonProgramFiles(x86)'
2026-09-13 23:03:06.668 [warning] UtilityProcess: ignoring environment variable with an invalid name: 'ProgramFiles(x86)'
2026-09-13 23:03:07.013 [warning] UtilityProcess: ignoring environment variable with an invalid name: 'CommonProgramFiles(x86)'
2026-09-13 23:03:07.013 [warning] UtilityProcess: ignoring environment variable with an invalid name: 'ProgramFiles(x86)'
2026-09-13 23:03:07.275 [warning] UtilityProcess: ignoring environment variable with an invalid name: '=::'
2026-09-13 23:03:07.275 [warning] UtilityProcess: ignoring environment variable with an invalid name: '=C:'
2026-09-13 23:03:07.275 [warning] UtilityProcess: ignoring environment variable with an invalid name: 'CommonProgramFiles(x86)'
2026-09-13 23:03:07.275 [warning] UtilityProcess: ignoring environment variable with an invalid name: 'ProgramFiles(x86)'
2026-09-13 23:03:07.276 [warning] UtilityProcess: ignoring environment variable with an invalid name: '=::'
2026-09-13 23:03:07.276 [warning] UtilityProcess: ignoring environment variable with an invalid name: '=C:'
2026-09-13 23:03:07.276 [warning] UtilityProcess: ignoring environment variable with an invalid name: 'CommonProgramFiles(x86)'
2026-09-13 23:03:07.276 [warning] UtilityProcess: ignoring environment variable with an invalid name: 'ProgramFiles(x86)'
2026-09-13 23:03:07.277 [warning] UtilityProcess: ignoring environment variable with an invalid name: '=::'
2026-09-13 23:03:07.277 [warning] UtilityProcess: ignoring environment variable with an invalid name: '=C:'
2026-09-13 23:03:07.277 [warning] UtilityProcess: ignoring environment variable with an invalid name: 'CommonProgramFiles(x86)'
2026-09-13 23:03:07.277 [warning] UtilityProcess: ignoring environment variable with an invalid name: 'ProgramFiles(x86)'
2026-09-13 23:03:07.363 [warning] UtilityProcess: ignoring environment variable with an invalid name: 'CommonProgramFiles(x86)'
2026-09-13 23:03:07.363 [warning] UtilityProcess: ignoring environment variable with an invalid name: 'ProgramFiles(x86)'
2026-09-13 23:03:07.654 [warning] UtilityProcess: ignoring environment variable with an invalid name: 'CommonProgramFiles(x86)'
2026-09-13 23:03:07.655 [warning] UtilityProcess: ignoring environment variable with an invalid name: 'ProgramFiles(x86)'
2026-09-13 23:03:19.346 [info] [CursorProclistService] Config enabled feature (subsample every 10s; memoryPressureMonitorEnabled=true)
2026-09-13 23:03:20.134 [info] [CursorProclistService] Config enabled feature (subsample every 10s; memoryPressureMonitorEnabled=true)
2026-09-13 23:03:21.864 [warning] UtilityProcess: ignoring environment variable with an invalid name: 'CommonProgramFiles(x86)'
2026-09-13 23:03:21.864 [warning] UtilityProcess: ignoring environment variable with an invalid name: 'ProgramFiles(x86)'
2026-09-13 23:03:22.627 [warning] UtilityProcess: ignoring environment variable with an invalid name: '=::'
2026-09-13 23:03:22.627 [warning] UtilityProcess: ignoring environment variable with an invalid name: '=C:'
2026-09-13 23:03:22.627 [warning] UtilityProcess: ignoring environment variable with an invalid name: 'CommonProgramFiles(x86)'
2026-09-13 23:03:22.627 [warning] UtilityProcess: ignoring environment variable with an invalid name: 'ProgramFiles(x86)'
2026-09-13 23:03:22.719 [warning] RequestStore#acceptReply was called without receiving a matching request 29
2026-09-13 23:03:22.721 [warning] RequestStore#acceptReply was called without receiving a matching request 30
2026-09-13 23:03:22.721 [warning] RequestStore#acceptReply was called without receiving a matching request 31
2026-09-13 23:03:22.721 [warning] RequestStore#acceptReply was called without receiving a matching request 32
2026-09-13 23:03:22.722 [warning] RequestStore#acceptReply was called without receiving a matching request 33
2026-09-13 23:03:22.722 [warning] RequestStore#acceptReply was called without receiving a matching request 34
2026-09-13 23:03:22.722 [warning] RequestStore#acceptReply was called without receiving a matching request 35
2026-09-13 23:03:24.539 [warning] UtilityProcess: ignoring environment variable with an invalid name: 'CommonProgramFiles(x86)'
2026-09-13 23:03:24.539 [warning] UtilityProcess: ignoring environment variable with an invalid name: 'ProgramFiles(x86)'
2026-09-13 23:03:29.790 [warning] RequestStore#acceptReply was called without receiving a matching request 36
2026-09-13 23:03:29.790 [warning] RequestStore#acceptReply was called without receiving a matching request 37
2026-09-13 23:03:29.790 [warning] RequestStore#acceptReply was called without receiving a matching request 38
2026-09-13 23:03:29.791 [warning] RequestStore#acceptReply was called without receiving a matching request 39
2026-09-13 23:03:29.791 [warning] RequestStore#acceptReply was called without receiving a matching request 40
2026-09-13 23:03:29.791 [warning] RequestStore#acceptReply was called without receiving a matching request 41
2026-09-13 23:03:29.791 [warning] RequestStore#acceptReply was called without receiving a matching request 42
2026-09-13 23:03:36.051 [info] update#setState checking for updates
2026-09-13 23:03:41.689 [info] update#setState idle
2026-09-13 23:04:32.050 [info] Extension host with pid 9776 exited with code: 0, signal: unknown.
2026-09-13 23:08:17.089 [warning] UtilityProcess: ignoring environment variable with an invalid name: '=::'
2026-09-13 23:08:17.089 [warning] UtilityProcess: ignoring environment variable with an invalid name: '=C:'
2026-09-13 23:08:17.090 [warning] UtilityProcess: ignoring environment variable with an invalid name: 'CommonProgramFiles(x86)'
2026-09-13 23:08:17.090 [warning] UtilityProcess: ignoring environment variable with an invalid name: 'ProgramFiles(x86)'
2026-09-13 23:08:17.152 [warning] RequestStore#acceptReply was called without receiving a matching request 43
2026-09-13 23:08:17.153 [warning] RequestStore#acceptReply was called without receiving a matching request 44
2026-09-13 23:08:17.153 [warning] RequestStore#acceptReply was called without receiving a matching request 45
2026-09-13 23:08:17.153 [warning] RequestStore#acceptReply was called without receiving a matching request 46
2026-09-13 23:08:17.153 [warning] RequestStore#acceptReply was called without receiving a matching request 47
2026-09-13 23:08:17.154 [warning] RequestStore#acceptReply was called without receiving a matching request 48
2026-09-13 23:08:17.154 [warning] RequestStore#acceptReply was called without receiving a matching request 49
2026-09-13 23:08:19.006 [warning] UtilityProcess: ignoring environment variable with an invalid name: 'CommonProgramFiles(x86)'
2026-09-13 23:08:19.006 [warning] UtilityProcess: ignoring environment variable with an invalid name: 'ProgramFiles(x86)'
2026-09-13 23:09:31.312 [info] Extension host with pid 17964 exited with code: 0, signal: unknown.
2026-09-13 23:13:17.074 [warning] UtilityProcess: ignoring environment variable with an invalid name: '=::'
2026-09-13 23:13:17.075 [warning] UtilityProcess: ignoring environment variable with an invalid name: '=C:'
2026-09-13 23:13:17.075 [warning] UtilityProcess: ignoring environment variable with an invalid name: 'CommonProgramFiles(x86)'
2026-09-13 23:13:17.075 [warning] UtilityProcess: ignoring environment variable with an invalid name: 'ProgramFiles(x86)'
2026-09-13 23:13:17.112 [warning] RequestStore#acceptReply was called without receiving a matching request 50
2026-09-13 23:13:17.112 [warning] RequestStore#acceptReply was called without receiving a matching request 51
2026-09-13 23:13:17.113 [warning] RequestStore#acceptReply was called without receiving a matching request 52
2026-09-13 23:13:17.113 [warning] RequestStore#acceptReply was called without receiving a matching request 53
2026-09-13 23:13:17.113 [warning] RequestStore#acceptReply was called without receiving a matching request 54
2026-09-13 23:13:17.113 [warning] RequestStore#acceptReply was called without receiving a matching request 55
2026-09-13 23:13:17.114 [warning] RequestStore#acceptReply was called without receiving a matching request 56
2026-09-13 23:13:19.022 [warning] UtilityProcess: ignoring environment variable with an invalid name: 'CommonProgramFiles(x86)'
2026-09-13 23:13:19.022 [warning] UtilityProcess: ignoring environment variable with an invalid name: 'ProgramFiles(x86)'
2026-09-13 23:14:27.238 [info] Extension host with pid 20840 exited with code: 0, signal: unknown.
2026-09-13 23:15:28.376 [warning] [File Watcher (node.js)] Watcher shutdown because watched path got deleted
2026-09-13 23:18:16.970 [warning] UtilityProcess: ignoring environment variable with an invalid name: '=::'
2026-09-13 23:18:16.970 [warning] UtilityProcess: ignoring environment variable with an invalid name: '=C:'
2026-09-13 23:18:16.970 [warning] UtilityProcess: ignoring environment variable with an invalid name: 'CommonProgramFiles(x86)'
2026-09-13 23:18:16.970 [warning] UtilityProcess: ignoring environment variable with an invalid name: 'ProgramFiles(x86)'
2026-09-13 23:18:17.029 [warning] RequestStore#acceptReply was called without receiving a matching request 57
2026-09-13 23:18:17.029 [warning] RequestStore#acceptReply was called without receiving a matching request 58
2026-09-13 23:18:17.030 [warning] RequestStore#acceptReply was called without receiving a matching request 59
2026-09-13 23:18:17.030 [warning] RequestStore#acceptReply was called without receiving a matching request 60
2026-09-13 23:18:17.030 [warning] RequestStore#acceptReply was called without receiving a matching request 61
2026-09-13 23:18:17.030 [warning] RequestStore#acceptReply was called without receiving a matching request 62
2026-09-13 23:18:17.035 [warning] RequestStore#acceptReply was called without receiving a matching request 63
2026-09-13 23:18:18.861 [warning] UtilityProcess: ignoring environment variable with an invalid name: 'CommonProgramFiles(x86)'
2026-09-13 23:18:18.861 [warning] UtilityProcess: ignoring environment variable with an invalid name: 'ProgramFiles(x86)'
2026-09-13 23:19:30.393 [info] Extension host with pid 5608 exited with code: 0, signal: unknown.
2026-09-13 23:23:17.075 [warning] UtilityProcess: ignoring environment variable with an invalid name: '=::'
2026-09-13 23:23:17.075 [warning] UtilityProcess: ignoring environment variable with an invalid name: '=C:'
2026-09-13 23:23:17.075 [warning] UtilityProcess: ignoring environment variable with an invalid name: 'CommonProgramFiles(x86)'
2026-09-13 23:23:17.075 [warning] UtilityProcess: ignoring environment variable with an invalid name: 'ProgramFiles(x86)'
2026-09-13 23:23:17.117 [warning] RequestStore#acceptReply was called without receiving a matching request 71
2026-09-13 23:23:17.118 [warning] RequestStore#acceptReply was called without receiving a matching request 72
2026-09-13 23:23:17.118 [warning] RequestStore#acceptReply was called without receiving a matching request 73
2026-09-13 23:23:17.118 [warning] RequestStore#acceptReply was called without receiving a matching request 74
2026-09-13 23:23:17.119 [warning] RequestStore#acceptReply was called without receiving a matching request 75
2026-09-13 23:23:17.119 [warning] RequestStore#acceptReply was called without receiving a matching request 76
2026-09-13 23:23:17.119 [warning] RequestStore#acceptReply was called without receiving a matching request 77
2026-09-13 23:23:19.004 [warning] UtilityProcess: ignoring environment variable with an invalid name: 'CommonProgramFiles(x86)'
2026-09-13 23:23:19.004 [warning] UtilityProcess: ignoring environment variable with an invalid name: 'ProgramFiles(x86)'
2026-09-13 23:25:06.657 [info] Extension host with pid 25568 exited with code: 0, signal: unknown.
2026-09-13 23:28:17.131 [warning] UtilityProcess: ignoring environment variable with an invalid name: '=::'
2026-09-13 23:28:17.131 [warning] UtilityProcess: ignoring environment variable with an invalid name: '=C:'
2026-09-13 23:28:17.131 [warning] UtilityProcess: ignoring environment variable with an invalid name: 'CommonProgramFiles(x86)'
2026-09-13 23:28:17.131 [warning] UtilityProcess: ignoring environment variable with an invalid name: 'ProgramFiles(x86)'
2026-09-13 23:28:17.168 [warning] RequestStore#acceptReply was called without receiving a matching request 78
2026-09-13 23:28:17.169 [warning] RequestStore#acceptReply was called without receiving a matching request 79
2026-09-13 23:28:17.169 [warning] RequestStore#acceptReply was called without receiving a matching request 80
2026-09-13 23:28:17.170 [warning] RequestStore#acceptReply was called without receiving a matching request 81
2026-09-13 23:28:17.170 [warning] RequestStore#acceptReply was called without receiving a matching request 82
2026-09-13 23:28:17.170 [warning] RequestStore#acceptReply was called without receiving a matching request 83
2026-09-13 23:28:17.170 [warning] RequestStore#acceptReply was called without receiving a matching request 84
2026-09-13 23:28:19.046 [warning] UtilityProcess: ignoring environment variable with an invalid name: 'CommonProgramFiles(x86)'
2026-09-13 23:28:19.046 [warning] UtilityProcess: ignoring environment variable with an invalid name: 'ProgramFiles(x86)'
2026-09-13 23:30:06.930 [info] Extension host with pid 20996 exited with code: 0, signal: unknown.
2026-09-13 23:33:17.068 [warning] UtilityProcess: ignoring environment variable with an invalid name: '=::'
2026-09-13 23:33:17.068 [warning] UtilityProcess: ignoring environment variable with an invalid name: '=C:'
2026-09-13 23:33:17.068 [warning] UtilityProcess: ignoring environment variable with an invalid name: 'CommonProgramFiles(x86)'
2026-09-13 23:33:17.068 [warning] UtilityProcess: ignoring environment variable with an invalid name: 'ProgramFiles(x86)'
2026-09-13 23:33:17.126 [warning] RequestStore#acceptReply was called without receiving a matching request 85
2026-09-13 23:33:17.127 [warning] RequestStore#acceptReply was called without receiving a matching request 86
2026-09-13 23:33:17.127 [warning] RequestStore#acceptReply was called without receiving a matching request 87
2026-09-13 23:33:17.128 [warning] RequestStore#acceptReply was called without receiving a matching request 88
2026-09-13 23:33:17.128 [warning] RequestStore#acceptReply was called without receiving a matching request 89
2026-09-13 23:33:17.129 [warning] RequestStore#acceptReply was called without receiving a matching request 90
2026-09-13 23:33:17.129 [warning] RequestStore#acceptReply was called without receiving a matching request 91
2026-09-13 23:33:18.980 [warning] UtilityProcess: ignoring environment variable with an invalid name: 'CommonProgramFiles(x86)'
2026-09-13 23:33:18.980 [warning] UtilityProcess: ignoring environment variable with an invalid name: 'ProgramFiles(x86)'
2026-09-13 23:35:06.705 [info] Extension host with pid 17252 exited with code: 0, signal: unknown.
2026-09-13 23:36:30.508 [warning] UtilityProcess: ignoring environment variable with an invalid name: '=::'
2026-09-13 23:36:30.509 [warning] UtilityProcess: ignoring environment variable with an invalid name: '=C:'
2026-09-13 23:36:30.509 [warning] UtilityProcess: ignoring environment variable with an invalid name: 'CommonProgramFiles(x86)'
2026-09-13 23:36:30.509 [warning] UtilityProcess: ignoring environment variable with an invalid name: 'ProgramFiles(x86)'
2026-09-13 23:36:30.553 [warning] RequestStore#acceptReply was called without receiving a matching request 92
2026-09-13 23:36:30.553 [warning] RequestStore#acceptReply was called without receiving a matching request 93
2026-09-13 23:36:30.554 [warning] RequestStore#acceptReply was called without receiving a matching request 94
2026-09-13 23:36:30.554 [warning] RequestStore#acceptReply was called without receiving a matching request 95
2026-09-13 23:36:30.554 [warning] RequestStore#acceptReply was called without receiving a matching request 96
2026-09-13 23:36:30.561 [warning] RequestStore#acceptReply was called without receiving a matching request 97
2026-09-13 23:36:30.561 [warning] RequestStore#acceptReply was called without receiving a matching request 98
2026-09-13 23:36:32.500 [warning] UtilityProcess: ignoring environment variable with an invalid name: 'CommonProgramFiles(x86)'
2026-09-13 23:36:32.500 [warning] UtilityProcess: ignoring environment variable with an invalid name: 'ProgramFiles(x86)'
2026-09-13 23:37:37.539 [info] Extension host with pid 4620 exited with code: 0, signal: unknown.
2026-09-13 23:38:17.063 [warning] UtilityProcess: ignoring environment variable with an invalid name: '=::'
2026-09-13 23:38:17.063 [warning] UtilityProcess: ignoring environment variable with an invalid name: '=C:'
2026-09-13 23:38:17.063 [warning] UtilityProcess: ignoring environment variable with an invalid name: 'CommonProgramFiles(x86)'
2026-09-13 23:38:17.063 [warning] UtilityProcess: ignoring environment variable with an invalid name: 'ProgramFiles(x86)'
2026-09-13 23:38:17.101 [warning] RequestStore#acceptReply was called without receiving a matching request 99
2026-09-13 23:38:17.102 [warning] RequestStore#acceptReply was called without receiving a matching request 100
2026-09-13 23:38:17.102 [warning] RequestStore#acceptReply was called without receiving a matching request 101
2026-09-13 23:38:17.102 [warning] RequestStore#acceptReply was called without receiving a matching request 102
2026-09-13 23:38:17.102 [warning] RequestStore#acceptReply was called without receiving a matching request 103
2026-09-13 23:38:17.102 [warning] RequestStore#acceptReply was called without receiving a matching request 104
2026-09-13 23:38:17.109 [warning] RequestStore#acceptReply was called without receiving a matching request 105
2026-09-13 23:38:19.010 [warning] UtilityProcess: ignoring environment variable with an invalid name: 'CommonProgramFiles(x86)'
2026-09-13 23:38:19.010 [warning] UtilityProcess: ignoring environment variable with an invalid name: 'ProgramFiles(x86)'
2026-09-13 23:39:50.827 [info] Extension host with pid 1768 exited with code: 0, signal: unknown.
2026-09-13 23:42:16.603 [warning] UtilityProcess: ignoring environment variable with an invalid name: '=::'
2026-09-13 23:42:16.604 [warning] UtilityProcess: ignoring environment variable with an invalid name: '=C:'
2026-09-13 23:42:16.604 [warning] UtilityProcess: ignoring environment variable with an invalid name: 'CommonProgramFiles(x86)'
2026-09-13 23:42:16.604 [warning] UtilityProcess: ignoring environment variable with an invalid name: 'ProgramFiles(x86)'
2026-09-13 23:42:16.691 [warning] RequestStore#acceptReply was called without receiving a matching request 106
2026-09-13 23:42:16.691 [warning] RequestStore#acceptReply was called without receiving a matching request 107
2026-09-13 23:42:16.691 [warning] RequestStore#acceptReply was called without receiving a matching request 108
2026-09-13 23:42:16.691 [warning] RequestStore#acceptReply was called without receiving a matching request 109
2026-09-13 23:42:16.692 [warning] RequestStore#acceptReply was called without receiving a matching request 110
2026-09-13 23:42:16.692 [warning] RequestStore#acceptReply was called without receiving a matching request 111
2026-09-13 23:42:16.693 [warning] RequestStore#acceptReply was called without receiving a matching request 112
2026-09-13 23:42:18.553 [warning] UtilityProcess: ignoring environment variable with an invalid name: 'CommonProgramFiles(x86)'
2026-09-13 23:42:18.553 [warning] UtilityProcess: ignoring environment variable with an invalid name: 'ProgramFiles(x86)'
2026-09-13 23:43:25.151 [info] Extension host with pid 22076 exited with code: 0, signal: unknown.
2026-09-13 23:47:17.167 [warning] RequestStore#acceptReply was called without receiving a matching request 113
2026-09-13 23:47:17.168 [warning] RequestStore#acceptReply was called without receiving a matching request 114
2026-09-13 23:47:17.168 [warning] RequestStore#acceptReply was called without receiving a matching request 115
2026-09-13 23:47:17.169 [warning] RequestStore#acceptReply was called without receiving a matching request 116
2026-09-13 23:47:17.169 [warning] RequestStore#acceptReply was called without receiving a matching request 117
2026-09-13 23:47:17.169 [warning] RequestStore#acceptReply was called without receiving a matching request 118
2026-09-13 23:47:17.169 [warning] RequestStore#acceptReply was called without receiving a matching request 119
2026-09-13 23:47:17.195 [warning] UtilityProcess: ignoring environment variable with an invalid name: '=::'
2026-09-13 23:47:17.195 [warning] UtilityProcess: ignoring environment variable with an invalid name: '=C:'
2026-09-13 23:47:17.195 [warning] UtilityProcess: ignoring environment variable with an invalid name: 'CommonProgramFiles(x86)'
2026-09-13 23:47:17.195 [warning] UtilityProcess: ignoring environment variable with an invalid name: 'ProgramFiles(x86)'
2026-09-13 23:47:19.150 [warning] UtilityProcess: ignoring environment variable with an invalid name: 'CommonProgramFiles(x86)'
2026-09-13 23:47:19.150 [warning] UtilityProcess: ignoring environment variable with an invalid name: 'ProgramFiles(x86)'
2026-09-13 23:48:40.330 [info] Extension host with pid 6908 exited with code: 0, signal: unknown.
2026-09-13 23:52:17.755 [warning] UtilityProcess: ignoring environment variable with an invalid name: '=::'
2026-09-13 23:52:17.755 [warning] UtilityProcess: ignoring environment variable with an invalid name: '=C:'
2026-09-13 23:52:17.755 [warning] UtilityProcess: ignoring environment variable with an invalid name: 'CommonProgramFiles(x86)'
2026-09-13 23:52:17.755 [warning] UtilityProcess: ignoring environment variable with an invalid name: 'ProgramFiles(x86)'
2026-09-13 23:52:17.824 [warning] RequestStore#acceptReply was called without receiving a matching request 120
2026-09-13 23:52:17.825 [warning] RequestStore#acceptReply was called without receiving a matching request 121
2026-09-13 23:52:17.825 [warning] RequestStore#acceptReply was called without receiving a matching request 122
2026-09-13 23:52:17.825 [warning] RequestStore#acceptReply was called without receiving a matching request 123
2026-09-13 23:52:17.826 [warning] RequestStore#acceptReply was called without receiving a matching request 124
2026-09-13 23:52:17.826 [warning] RequestStore#acceptReply was called without receiving a matching request 125
2026-09-13 23:52:17.826 [warning] RequestStore#acceptReply was called without receiving a matching request 126
2026-09-13 23:52:19.726 [warning] UtilityProcess: ignoring environment variable with an invalid name: 'CommonProgramFiles(x86)'
2026-09-13 23:52:19.727 [warning] UtilityProcess: ignoring environment variable with an invalid name: 'ProgramFiles(x86)'
2026-09-13 23:53:25.097 [info] Extension host with pid 23200 exited with code: 0, signal: unknown.
2026-09-13 23:57:56.707 [warning] RequestStore#acceptReply was called without receiving a matching request 127
2026-09-13 23:57:56.707 [warning] RequestStore#acceptReply was called without receiving a matching request 128
2026-09-13 23:57:56.708 [warning] RequestStore#acceptReply was called without receiving a matching request 129
2026-09-13 23:57:56.708 [warning] RequestStore#acceptReply was called without receiving a matching request 130
2026-09-13 23:57:56.708 [warning] RequestStore#acceptReply was called without receiving a matching request 131
2026-09-13 23:57:56.708 [warning] RequestStore#acceptReply was called without receiving a matching request 132
2026-09-13 23:57:56.709 [warning] RequestStore#acceptReply was called without receiving a matching request 133
2026-09-13 23:57:56.727 [warning] UtilityProcess: ignoring environment variable with an invalid name: '=::'
2026-09-13 23:57:56.727 [warning] UtilityProcess: ignoring environment variable with an invalid name: '=C:'
2026-09-13 23:57:56.727 [warning] UtilityProcess: ignoring environment variable with an invalid name: 'CommonProgramFiles(x86)'
2026-09-13 23:57:56.727 [warning] UtilityProcess: ignoring environment variable with an invalid name: 'ProgramFiles(x86)'
2026-09-13 23:57:58.701 [warning] UtilityProcess: ignoring environment variable with an invalid name: 'CommonProgramFiles(x86)'
2026-09-13 23:57:58.702 [warning] UtilityProcess: ignoring environment variable with an invalid name: 'ProgramFiles(x86)'
2026-09-13 23:59:03.847 [info] Extension host with pid 14428 exited with code: 0, signal: unknown.
2026-09-13 23:59:31.345 [info] update#setState checking for updates
2026-09-13 23:59:31.498 [info] update#setState idle
2026-09-14 00:02:57.334 [warning] RequestStore#acceptReply was called without receiving a matching request 134
2026-09-14 00:02:57.335 [warning] RequestStore#acceptReply was called without receiving a matching request 135
2026-09-14 00:02:57.335 [warning] RequestStore#acceptReply was called without receiving a matching request 136
2026-09-14 00:02:57.335 [warning] RequestStore#acceptReply was called without receiving a matching request 137
2026-09-14 00:02:57.335 [warning] RequestStore#acceptReply was called without receiving a matching request 138
2026-09-14 00:02:57.335 [warning] RequestStore#acceptReply was called without receiving a matching request 139
2026-09-14 00:02:57.336 [warning] RequestStore#acceptReply was called without receiving a matching request 140
2026-09-14 00:02:57.355 [warning] UtilityProcess: ignoring environment variable with an invalid name: '=::'
2026-09-14 00:02:57.355 [warning] UtilityProcess: ignoring environment variable with an invalid name: '=C:'
2026-09-14 00:02:57.355 [warning] UtilityProcess: ignoring environment variable with an invalid name: 'CommonProgramFiles(x86)'
2026-09-14 00:02:57.355 [warning] UtilityProcess: ignoring environment variable with an invalid name: 'ProgramFiles(x86)'
2026-09-14 00:02:59.298 [warning] UtilityProcess: ignoring environment variable with an invalid name: 'CommonProgramFiles(x86)'
2026-09-14 00:02:59.298 [warning] UtilityProcess: ignoring environment variable with an invalid name: 'ProgramFiles(x86)'
2026-09-14 00:04:00.101 [info] Extension host with pid 23624 exited with code: 0, signal: unknown.
2026-09-14 00:08:17.047 [warning] UtilityProcess: ignoring environment variable with an invalid name: '=::'
2026-09-14 00:08:17.047 [warning] UtilityProcess: ignoring environment variable with an invalid name: '=C:'
2026-09-14 00:08:17.047 [warning] UtilityProcess: ignoring environment variable with an invalid name: 'CommonProgramFiles(x86)'
2026-09-14 00:08:17.047 [warning] UtilityProcess: ignoring environment variable with an invalid name: 'ProgramFiles(x86)'
2026-09-14 00:08:17.071 [warning] RequestStore#acceptReply was called without receiving a matching request 141
2026-09-14 00:08:17.071 [warning] RequestStore#acceptReply was called without receiving a matching request 142
2026-09-14 00:08:17.072 [warning] RequestStore#acceptReply was called without receiving a matching request 143
2026-09-14 00:08:17.072 [warning] RequestStore#acceptReply was called without receiving a matching request 144
2026-09-14 00:08:17.072 [warning] RequestStore#acceptReply was called without receiving a matching request 145
2026-09-14 00:08:17.072 [warning] RequestStore#acceptReply was called without receiving a matching request 146
2026-09-14 00:08:17.073 [warning] RequestStore#acceptReply was called without receiving a matching request 147
2026-09-14 00:08:19.000 [warning] UtilityProcess: ignoring environment variable with an invalid name: 'CommonProgramFiles(x86)'
2026-09-14 00:08:19.000 [warning] UtilityProcess: ignoring environment variable with an invalid name: 'ProgramFiles(x86)'
2026-09-14 00:09:41.716 [info] Extension host with pid 13572 exited with code: 0, signal: unknown.
2026-09-14 00:13:17.037 [warning] UtilityProcess: ignoring environment variable with an invalid name: '=::'
2026-09-14 00:13:17.037 [warning] UtilityProcess: ignoring environment variable with an invalid name: '=C:'
2026-09-14 00:13:17.037 [warning] UtilityProcess: ignoring environment variable with an invalid name: 'CommonProgramFiles(x86)'
2026-09-14 00:13:17.037 [warning] UtilityProcess: ignoring environment variable with an invalid name: 'ProgramFiles(x86)'
2026-09-14 00:13:17.097 [warning] RequestStore#acceptReply was called without receiving a matching request 148
2026-09-14 00:13:17.097 [warning] RequestStore#acceptReply was called without receiving a matching request 149
2026-09-14 00:13:17.098 [warning] RequestStore#acceptReply was called without receiving a matching request 150
2026-09-14 00:13:17.098 [warning] RequestStore#acceptReply was called without receiving a matching request 151
2026-09-14 00:13:17.098 [warning] RequestStore#acceptReply was called without receiving a matching request 152
2026-09-14 00:13:17.098 [warning] RequestStore#acceptReply was called without receiving a matching request 153
2026-09-14 00:13:17.098 [warning] RequestStore#acceptReply was called without receiving a matching request 154
2026-09-14 00:13:18.982 [warning] UtilityProcess: ignoring environment variable with an invalid name: 'CommonProgramFiles(x86)'
2026-09-14 00:13:18.982 [warning] UtilityProcess: ignoring environment variable with an invalid name: 'ProgramFiles(x86)'
2026-09-14 00:14:49.047 [info] Extension host with pid 17664 exited with code: 0, signal: unknown.
2026-09-14 00:14:58.762 [warning] RequestStore#acceptReply was called without receiving a matching request 155
2026-09-14 00:14:58.763 [warning] RequestStore#acceptReply was called without receiving a matching request 156
2026-09-14 00:14:58.763 [warning] RequestStore#acceptReply was called without receiving a matching request 157
2026-09-14 00:14:58.763 [warning] RequestStore#acceptReply was called without receiving a matching request 158
2026-09-14 00:14:58.763 [warning] RequestStore#acceptReply was called without receiving a matching request 159
2026-09-14 00:14:58.764 [warning] RequestStore#acceptReply was called without receiving a matching request 160
2026-09-14 00:14:58.764 [warning] RequestStore#acceptReply was called without receiving a matching request 161
2026-09-14 00:14:58.803 [warning] UtilityProcess: ignoring environment variable with an invalid name: '=::'
2026-09-14 00:14:58.803 [warning] UtilityProcess: ignoring environment variable with an invalid name: '=C:'
2026-09-14 00:14:58.803 [warning] UtilityProcess: ignoring environment variable with an invalid name: 'CommonProgramFiles(x86)'
2026-09-14 00:14:58.803 [warning] UtilityProcess: ignoring environment variable with an invalid name: 'ProgramFiles(x86)'
2026-09-14 00:15:00.739 [warning] UtilityProcess: ignoring environment variable with an invalid name: 'CommonProgramFiles(x86)'
2026-09-14 00:15:00.740 [warning] UtilityProcess: ignoring environment variable with an invalid name: 'ProgramFiles(x86)'
2026-09-14 00:16:18.598 [info] Extension host with pid 26576 exited with code: 0, signal: unknown.
2026-09-14 00:18:17.051 [warning] UtilityProcess: ignoring environment variable with an invalid name: '=::'
2026-09-14 00:18:17.051 [warning] UtilityProcess: ignoring environment variable with an invalid name: '=C:'
2026-09-14 00:18:17.051 [warning] UtilityProcess: ignoring environment variable with an invalid name: 'CommonProgramFiles(x86)'
2026-09-14 00:18:17.051 [warning] UtilityProcess: ignoring environment variable with an invalid name: 'ProgramFiles(x86)'
2026-09-14 00:18:17.078 [warning] RequestStore#acceptReply was called without receiving a matching request 162
2026-09-14 00:18:17.079 [warning] RequestStore#acceptReply was called without receiving a matching request 163
2026-09-14 00:18:17.079 [warning] RequestStore#acceptReply was called without receiving a matching request 164
2026-09-14 00:18:17.079 [warning] RequestStore#acceptReply was called without receiving a matching request 165
2026-09-14 00:18:17.079 [warning] RequestStore#acceptReply was called without receiving a matching request 166
2026-09-14 00:18:17.079 [warning] RequestStore#acceptReply was called without receiving a matching request 167
2026-09-14 00:18:17.079 [warning] RequestStore#acceptReply was called without receiving a matching request 168
2026-09-14 00:18:18.985 [warning] UtilityProcess: ignoring environment variable with an invalid name: 'CommonProgramFiles(x86)'
2026-09-14 00:18:18.985 [warning] UtilityProcess: ignoring environment variable with an invalid name: 'ProgramFiles(x86)'
2026-09-14 00:20:06.999 [info] Extension host with pid 9432 exited with code: 0, signal: unknown.
2026-09-14 00:20:59.482 [warning] UtilityProcess: ignoring environment variable with an invalid name: '=::'
2026-09-14 00:20:59.482 [warning] UtilityProcess: ignoring environment variable with an invalid name: '=C:'
2026-09-14 00:20:59.482 [warning] UtilityProcess: ignoring environment variable with an invalid name: 'CommonProgramFiles(x86)'
2026-09-14 00:20:59.482 [warning] UtilityProcess: ignoring environment variable with an invalid name: 'ProgramFiles(x86)'
2026-09-14 00:20:59.502 [warning] RequestStore#acceptReply was called without receiving a matching request 169
2026-09-14 00:20:59.502 [warning] RequestStore#acceptReply was called without receiving a matching request 170
2026-09-14 00:20:59.503 [warning] RequestStore#acceptReply was called without receiving a matching request 171
2026-09-14 00:20:59.503 [warning] RequestStore#acceptReply was called without receiving a matching request 172
2026-09-14 00:20:59.503 [warning] RequestStore#acceptReply was called without receiving a matching request 173
2026-09-14 00:20:59.503 [warning] RequestStore#acceptReply was called without receiving a matching request 174
2026-09-14 00:20:59.504 [warning] RequestStore#acceptReply was called without receiving a matching request 175
2026-09-14 00:21:01.415 [warning] UtilityProcess: ignoring environment variable with an invalid name: 'CommonProgramFiles(x86)'
2026-09-14 00:21:01.415 [warning] UtilityProcess: ignoring environment variable with an invalid name: 'ProgramFiles(x86)'
2026-09-14 00:22:39.495 [info] Extension host with pid 23688 exited with code: 0, signal: unknown.
2026-09-14 00:23:17.162 [warning] UtilityProcess: ignoring environment variable with an invalid name: '=::'
2026-09-14 00:23:17.162 [warning] UtilityProcess: ignoring environment variable with an invalid name: '=C:'
2026-09-14 00:23:17.162 [warning] UtilityProcess: ignoring environment variable with an invalid name: 'CommonProgramFiles(x86)'
2026-09-14 00:23:17.162 [warning] UtilityProcess: ignoring environment variable with an invalid name: 'ProgramFiles(x86)'
2026-09-14 00:23:17.202 [warning] RequestStore#acceptReply was called without receiving a matching request 176
2026-09-14 00:23:17.202 [warning] RequestStore#acceptReply was called without receiving a matching request 177
2026-09-14 00:23:17.202 [warning] RequestStore#acceptReply was called without receiving a matching request 178
2026-09-14 00:23:17.202 [warning] RequestStore#acceptReply was called without receiving a matching request 179
2026-09-14 00:23:17.203 [warning] RequestStore#acceptReply was called without receiving a matching request 180
2026-09-14 00:23:17.203 [warning] RequestStore#acceptReply was called without receiving a matching request 181
2026-09-14 00:23:17.209 [warning] RequestStore#acceptReply was called without receiving a matching request 182
2026-09-14 00:23:19.115 [warning] UtilityProcess: ignoring environment variable with an invalid name: 'CommonProgramFiles(x86)'
2026-09-14 00:23:19.115 [warning] UtilityProcess: ignoring environment variable with an invalid name: 'ProgramFiles(x86)'
2026-09-14 00:24:19.303 [info] Extension host with pid 21876 exited with code: 0, signal: unknown.
2026-09-14 00:26:10.227 [warning] RequestStore#acceptReply was called without receiving a matching request 183
2026-09-14 00:26:10.227 [warning] RequestStore#acceptReply was called without receiving a matching request 184
2026-09-14 00:26:10.228 [warning] RequestStore#acceptReply was called without receiving a matching request 185
2026-09-14 00:26:10.228 [warning] RequestStore#acceptReply was called without receiving a matching request 186
2026-09-14 00:26:10.228 [warning] RequestStore#acceptReply was called without receiving a matching request 187
2026-09-14 00:26:10.228 [warning] RequestStore#acceptReply was called without receiving a matching request 188
2026-09-14 00:26:10.228 [warning] RequestStore#acceptReply was called without receiving a matching request 189
2026-09-14 00:26:10.247 [warning] UtilityProcess: ignoring environment variable with an invalid name: '=::'
2026-09-14 00:26:10.247 [warning] UtilityProcess: ignoring environment variable with an invalid name: '=C:'
2026-09-14 00:26:10.247 [warning] UtilityProcess: ignoring environment variable with an invalid name: 'CommonProgramFiles(x86)'
2026-09-14 00:26:10.247 [warning] UtilityProcess: ignoring environment variable with an invalid name: 'ProgramFiles(x86)'
2026-09-14 00:26:12.206 [warning] UtilityProcess: ignoring environment variable with an invalid name: 'CommonProgramFiles(x86)'
2026-09-14 00:26:12.206 [warning] UtilityProcess: ignoring environment variable with an invalid name: 'ProgramFiles(x86)'
2026-09-14 00:26:14.229 [warning] RequestStore#acceptReply was called without receiving a matching request 190
2026-09-14 00:26:14.241 [warning] RequestStore#acceptReply was called without receiving a matching request 191
2026-09-14 00:26:14.241 [warning] RequestStore#acceptReply was called without receiving a matching request 192
2026-09-14 00:26:14.241 [warning] RequestStore#acceptReply was called without receiving a matching request 193
2026-09-14 00:26:14.241 [warning] RequestStore#acceptReply was called without receiving a matching request 194
2026-09-14 00:26:14.241 [warning] RequestStore#acceptReply was called without receiving a matching request 195
2026-09-14 00:26:14.241 [warning] RequestStore#acceptReply was called without receiving a matching request 196
2026-09-14 00:28:07.432 [info] Extension host with pid 26412 exited with code: 0, signal: unknown.
2026-09-14 00:28:17.137 [warning] UtilityProcess: ignoring environment variable with an invalid name: '=::'
2026-09-14 00:28:17.137 [warning] UtilityProcess: ignoring environment variable with an invalid name: '=C:'
2026-09-14 00:28:17.137 [warning] UtilityProcess: ignoring environment variable with an invalid name: 'CommonProgramFiles(x86)'
2026-09-14 00:28:17.137 [warning] UtilityProcess: ignoring environment variable with an invalid name: 'ProgramFiles(x86)'
2026-09-14 00:28:17.175 [warning] RequestStore#acceptReply was called without receiving a matching request 197
2026-09-14 00:28:17.176 [warning] RequestStore#acceptReply was called without receiving a matching request 198
2026-09-14 00:28:17.177 [warning] RequestStore#acceptReply was called without receiving a matching request 199
2026-09-14 00:28:17.177 [warning] RequestStore#acceptReply was called without receiving a matching request 200
2026-09-14 00:28:17.177 [warning] RequestStore#acceptReply was called without receiving a matching request 201
2026-09-14 00:28:17.178 [warning] RequestStore#acceptReply was called without receiving a matching request 202
2026-09-14 00:28:17.178 [warning] RequestStore#acceptReply was called without receiving a matching request 203
2026-09-14 00:28:19.058 [warning] UtilityProcess: ignoring environment variable with an invalid name: 'CommonProgramFiles(x86)'
2026-09-14 00:28:19.058 [warning] UtilityProcess: ignoring environment variable with an invalid name: 'ProgramFiles(x86)'
2026-09-14 00:30:18.838 [info] Extension host with pid 24436 exited with code: 0, signal: unknown.
2026-09-14 00:32:05.492 [warning] UtilityProcess: ignoring environment variable with an invalid name: '=::'
2026-09-14 00:32:05.492 [warning] UtilityProcess: ignoring environment variable with an invalid name: '=C:'
2026-09-14 00:32:05.492 [warning] UtilityProcess: ignoring environment variable with an invalid name: 'CommonProgramFiles(x86)'
2026-09-14 00:32:05.492 [warning] UtilityProcess: ignoring environment variable with an invalid name: 'ProgramFiles(x86)'
2026-09-14 00:32:05.557 [warning] RequestStore#acceptReply was called without receiving a matching request 204
2026-09-14 00:32:05.557 [warning] RequestStore#acceptReply was called without receiving a matching request 205
2026-09-14 00:32:05.558 [warning] RequestStore#acceptReply was called without receiving a matching request 206
2026-09-14 00:32:05.558 [warning] RequestStore#acceptReply was called without receiving a matching request 207
2026-09-14 00:32:05.558 [warning] RequestStore#acceptReply was called without receiving a matching request 208
2026-09-14 00:32:05.558 [warning] RequestStore#acceptReply was called without receiving a matching request 209
2026-09-14 00:32:05.558 [warning] RequestStore#acceptReply was called without receiving a matching request 210
2026-09-14 00:32:07.424 [warning] UtilityProcess: ignoring environment variable with an invalid name: 'CommonProgramFiles(x86)'
2026-09-14 00:32:07.424 [warning] UtilityProcess: ignoring environment variable with an invalid name: 'ProgramFiles(x86)'
2026-09-14 00:34:00.732 [info] Extension host with pid 26344 exited with code: 0, signal: unknown.
2026-09-14 00:34:02.111 [warning] RequestStore#acceptReply was called without receiving a matching request 211
2026-09-14 00:34:02.112 [warning] RequestStore#acceptReply was called without receiving a matching request 212
2026-09-14 00:34:02.112 [warning] RequestStore#acceptReply was called without receiving a matching request 213
2026-09-14 00:34:02.112 [warning] RequestStore#acceptReply was called without receiving a matching request 214
2026-09-14 00:34:02.112 [warning] RequestStore#acceptReply was called without receiving a matching request 215
2026-09-14 00:34:02.113 [warning] RequestStore#acceptReply was called without receiving a matching request 216
2026-09-14 00:34:02.113 [warning] RequestStore#acceptReply was called without receiving a matching request 217
2026-09-14 00:34:02.186 [warning] UtilityProcess: ignoring environment variable with an invalid name: '=::'
2026-09-14 00:34:02.186 [warning] UtilityProcess: ignoring environment variable with an invalid name: '=C:'
2026-09-14 00:34:02.186 [warning] UtilityProcess: ignoring environment variable with an invalid name: 'CommonProgramFiles(x86)'
2026-09-14 00:34:02.186 [warning] UtilityProcess: ignoring environment variable with an invalid name: 'ProgramFiles(x86)'
2026-09-14 00:34:04.656 [warning] UtilityProcess: ignoring environment variable with an invalid name: 'CommonProgramFiles(x86)'
2026-09-14 00:34:04.656 [warning] UtilityProcess: ignoring environment variable with an invalid name: 'ProgramFiles(x86)'
2026-09-14 00:37:20.302 [info] Extension host with pid 6236 exited with code: 0, signal: unknown.
2026-09-14 00:37:50.004 [warning] RequestStore#acceptReply was called without receiving a matching request 218
2026-09-14 00:37:50.004 [warning] RequestStore#acceptReply was called without receiving a matching request 219
2026-09-14 00:37:50.005 [warning] RequestStore#acceptReply was called without receiving a matching request 220
2026-09-14 00:37:50.005 [warning] RequestStore#acceptReply was called without receiving a matching request 221
2026-09-14 00:37:50.005 [warning] RequestStore#acceptReply was called without receiving a matching request 222
2026-09-14 00:37:50.006 [warning] RequestStore#acceptReply was called without receiving a matching request 223
2026-09-14 00:37:50.006 [warning] RequestStore#acceptReply was called without receiving a matching request 224
2026-09-14 00:37:50.075 [warning] UtilityProcess: ignoring environment variable with an invalid name: '=::'
2026-09-14 00:37:50.075 [warning] UtilityProcess: ignoring environment variable with an invalid name: '=C:'
2026-09-14 00:37:50.075 [warning] UtilityProcess: ignoring environment variable with an invalid name: 'CommonProgramFiles(x86)'
2026-09-14 00:37:50.075 [warning] UtilityProcess: ignoring environment variable with an invalid name: 'ProgramFiles(x86)'
2026-09-14 00:37:52.640 [warning] UtilityProcess: ignoring environment variable with an invalid name: 'CommonProgramFiles(x86)'
2026-09-14 00:37:52.640 [warning] UtilityProcess: ignoring environment variable with an invalid name: 'ProgramFiles(x86)'
2026-09-14 00:39:01.667 [warning] [Tray] Main cloud refresh (poll) failed (1 consecutive) [deadline_exceeded] the operation timed out
2026-09-14 00:39:11.113 [info] Extension host with pid 26196 exited with code: 0, signal: unknown.
2026-09-14 00:45:01.994 [warning] RequestStore#acceptReply was called without receiving a matching request 225
2026-09-14 00:45:01.994 [warning] RequestStore#acceptReply was called without receiving a matching request 226
2026-09-14 00:45:01.995 [warning] RequestStore#acceptReply was called without receiving a matching request 227
2026-09-14 00:45:01.995 [warning] RequestStore#acceptReply was called without receiving a matching request 228
2026-09-14 00:45:01.995 [warning] RequestStore#acceptReply was called without receiving a matching request 229
2026-09-14 00:45:01.996 [warning] RequestStore#acceptReply was called without receiving a matching request 230
2026-09-14 00:45:01.996 [warning] RequestStore#acceptReply was called without receiving a matching request 231
2026-09-14 00:45:02.067 [warning] UtilityProcess: ignoring environment variable with an invalid name: '=::'
2026-09-14 00:45:02.067 [warning] UtilityProcess: ignoring environment variable with an invalid name: '=C:'
2026-09-14 00:45:02.067 [warning] UtilityProcess: ignoring environment variable with an invalid name: 'CommonProgramFiles(x86)'
2026-09-14 00:45:02.067 [warning] UtilityProcess: ignoring environment variable with an invalid name: 'ProgramFiles(x86)'
2026-09-14 00:45:04.662 [warning] UtilityProcess: ignoring environment variable with an invalid name: 'CommonProgramFiles(x86)'
2026-09-14 00:45:04.662 [warning] UtilityProcess: ignoring environment variable with an invalid name: 'ProgramFiles(x86)'
2026-09-14 00:45:36.252 [info] TracingService: failed to send envelope undefined undefined
2026-09-14 00:47:34.977 [info] Extension host with pid 11812 exited with code: 0, signal: unknown.
2026-09-14 00:50:00.842 [warning] RequestStore#acceptReply was called without receiving a matching request 232
2026-09-14 00:50:00.842 [warning] RequestStore#acceptReply was called without receiving a matching request 233
2026-09-14 00:50:00.843 [warning] RequestStore#acceptReply was called without receiving a matching request 234
2026-09-14 00:50:00.843 [warning] RequestStore#acceptReply was called without receiving a matching request 235
2026-09-14 00:50:00.843 [warning] RequestStore#acceptReply was called without receiving a matching request 236
2026-09-14 00:50:00.843 [warning] RequestStore#acceptReply was called without receiving a matching request 237
2026-09-14 00:50:00.844 [warning] RequestStore#acceptReply was called without receiving a matching request 238
2026-09-14 00:50:00.919 [warning] UtilityProcess: ignoring environment variable with an invalid name: '=::'
2026-09-14 00:50:00.919 [warning] UtilityProcess: ignoring environment variable with an invalid name: '=C:'
2026-09-14 00:50:00.919 [warning] UtilityProcess: ignoring environment variable with an invalid name: 'CommonProgramFiles(x86)'
2026-09-14 00:50:00.920 [warning] UtilityProcess: ignoring environment variable with an invalid name: 'ProgramFiles(x86)'
2026-09-14 00:50:02.646 [warning] UtilityProcess: ignoring environment variable with an invalid name: 'CommonProgramFiles(x86)'
2026-09-14 00:50:02.646 [warning] UtilityProcess: ignoring environment variable with an invalid name: 'ProgramFiles(x86)'
2026-09-14 00:53:11.462 [info] Extension host with pid 15320 exited with code: 0, signal: unknown.
2026-09-14 00:55:00.778 [warning] RequestStore#acceptReply was called without receiving a matching request 239
2026-09-14 00:55:00.779 [warning] RequestStore#acceptReply was called without receiving a matching request 240
2026-09-14 00:55:00.779 [warning] RequestStore#acceptReply was called without receiving a matching request 241
2026-09-14 00:55:00.779 [warning] RequestStore#acceptReply was called without receiving a matching request 242
2026-09-14 00:55:00.780 [warning] RequestStore#acceptReply was called without receiving a matching request 243
2026-09-14 00:55:00.780 [warning] RequestStore#acceptReply was called without receiving a matching request 244
2026-09-14 00:55:00.780 [warning] RequestStore#acceptReply was called without receiving a matching request 245
2026-09-14 00:55:00.851 [warning] UtilityProcess: ignoring environment variable with an invalid name: '=::'
2026-09-14 00:55:00.851 [warning] UtilityProcess: ignoring environment variable with an invalid name: '=C:'
2026-09-14 00:55:00.851 [warning] UtilityProcess: ignoring environment variable with an invalid name: 'CommonProgramFiles(x86)'
2026-09-14 00:55:00.851 [warning] UtilityProcess: ignoring environment variable with an invalid name: 'ProgramFiles(x86)'
2026-09-14 00:55:02.647 [warning] UtilityProcess: ignoring environment variable with an invalid name: 'CommonProgramFiles(x86)'
2026-09-14 00:55:02.647 [warning] UtilityProcess: ignoring environment variable with an invalid name: 'ProgramFiles(x86)'
2026-09-14 00:58:46.922 [info] Extension host with pid 22424 exited with code: 0, signal: unknown.
2026-09-14 00:59:17.804 [info] update#setState checking for updates
2026-09-14 00:59:17.860 [info] update#setState idle
2026-09-14 01:00:00.474 [warning] RequestStore#acceptReply was called without receiving a matching request 246
2026-09-14 01:00:00.474 [warning] RequestStore#acceptReply was called without receiving a matching request 247
2026-09-14 01:00:00.475 [warning] RequestStore#acceptReply was called without receiving a matching request 248
2026-09-14 01:00:00.475 [warning] RequestStore#acceptReply was called without receiving a matching request 249
2026-09-14 01:00:00.475 [warning] RequestStore#acceptReply was called without receiving a matching request 250
2026-09-14 01:00:00.476 [warning] RequestStore#acceptReply was called without receiving a matching request 251
2026-09-14 01:00:00.476 [warning] RequestStore#acceptReply was called without receiving a matching request 252
2026-09-14 01:00:00.579 [warning] UtilityProcess: ignoring environment variable with an invalid name: '=::'
2026-09-14 01:00:00.579 [warning] UtilityProcess: ignoring environment variable with an invalid name: '=C:'
2026-09-14 01:00:00.579 [warning] UtilityProcess: ignoring environment variable with an invalid name: 'CommonProgramFiles(x86)'
2026-09-14 01:00:00.579 [warning] UtilityProcess: ignoring environment variable with an invalid name: 'ProgramFiles(x86)'
2026-09-14 01:00:02.644 [warning] UtilityProcess: ignoring environment variable with an invalid name: 'CommonProgramFiles(x86)'
2026-09-14 01:00:02.644 [warning] UtilityProcess: ignoring environment variable with an invalid name: 'ProgramFiles(x86)'
2026-09-14 01:04:53.019 [info] Extension host with pid 18688 exited with code: 0, signal: unknown.
2026-09-14 01:05:00.746 [warning] RequestStore#acceptReply was called without receiving a matching request 253
2026-09-14 01:05:00.747 [warning] RequestStore#acceptReply was called without receiving a matching request 254
2026-09-14 01:05:00.747 [warning] RequestStore#acceptReply was called without receiving a matching request 255
2026-09-14 01:05:00.748 [warning] RequestStore#acceptReply was called without receiving a matching request 256
2026-09-14 01:05:00.748 [warning] RequestStore#acceptReply was called without receiving a matching request 257
2026-09-14 01:05:00.748 [warning] RequestStore#acceptReply was called without receiving a matching request 258
2026-09-14 01:05:00.748 [warning] RequestStore#acceptReply was called without receiving a matching request 259
2026-09-14 01:05:00.816 [warning] UtilityProcess: ignoring environment variable with an invalid name: '=::'
2026-09-14 01:05:00.816 [warning] UtilityProcess: ignoring environment variable with an invalid name: '=C:'
2026-09-14 01:05:00.816 [warning] UtilityProcess: ignoring environment variable with an invalid name: 'CommonProgramFiles(x86)'
2026-09-14 01:05:00.816 [warning] UtilityProcess: ignoring environment variable with an invalid name: 'ProgramFiles(x86)'
2026-09-14 01:05:02.637 [warning] UtilityProcess: ignoring environment variable with an invalid name: 'CommonProgramFiles(x86)'
2026-09-14 01:05:02.637 [warning] UtilityProcess: ignoring environment variable with an invalid name: 'ProgramFiles(x86)'
2026-09-14 01:07:56.029 [info] Extension host with pid 25224 exited with code: 0, signal: unknown.
2026-09-14 01:08:01.760 [warning] RequestStore#acceptReply was called without receiving a matching request 260
2026-09-14 01:08:01.760 [warning] RequestStore#acceptReply was called without receiving a matching request 261
2026-09-14 01:08:01.761 [warning] RequestStore#acceptReply was called without receiving a matching request 262
2026-09-14 01:08:01.761 [warning] RequestStore#acceptReply was called without receiving a matching request 263
2026-09-14 01:08:01.761 [warning] RequestStore#acceptReply was called without receiving a matching request 264
2026-09-14 01:08:01.761 [warning] RequestStore#acceptReply was called without receiving a matching request 265
2026-09-14 01:08:01.762 [warning] RequestStore#acceptReply was called without receiving a matching request 266
2026-09-14 01:08:01.829 [warning] UtilityProcess: ignoring environment variable with an invalid name: '=::'
2026-09-14 01:08:01.829 [warning] UtilityProcess: ignoring environment variable with an invalid name: '=C:'
2026-09-14 01:08:01.829 [warning] UtilityProcess: ignoring environment variable with an invalid name: 'CommonProgramFiles(x86)'
2026-09-14 01:08:01.829 [warning] UtilityProcess: ignoring environment variable with an invalid name: 'ProgramFiles(x86)'
2026-09-14 01:08:04.641 [warning] UtilityProcess: ignoring environment variable with an invalid name: 'CommonProgramFiles(x86)'
2026-09-14 01:08:04.642 [warning] UtilityProcess: ignoring environment variable with an invalid name: 'ProgramFiles(x86)'
2026-09-14 01:11:09.192 [info] Extension host with pid 18148 exited with code: 0, signal: unknown.
2026-09-14 01:17:00.779 [warning] RequestStore#acceptReply was called without receiving a matching request 267
2026-09-14 01:17:00.779 [warning] RequestStore#acceptReply was called without receiving a matching request 268
2026-09-14 01:17:00.780 [warning] RequestStore#acceptReply was called without receiving a matching request 269
2026-09-14 01:17:00.780 [warning] RequestStore#acceptReply was called without receiving a matching request 270
2026-09-14 01:17:00.780 [warning] RequestStore#acceptReply was called without receiving a matching request 271
2026-09-14 01:17:00.780 [warning] RequestStore#acceptReply was called without receiving a matching request 272
2026-09-14 01:17:00.781 [warning] RequestStore#acceptReply was called without receiving a matching request 273
2026-09-14 01:17:00.858 [warning] UtilityProcess: ignoring environment variable with an invalid name: '=::'
2026-09-14 01:17:00.858 [warning] UtilityProcess: ignoring environment variable with an invalid name: '=C:'
2026-09-14 01:17:00.858 [warning] UtilityProcess: ignoring environment variable with an invalid name: 'CommonProgramFiles(x86)'
2026-09-14 01:17:00.858 [warning] UtilityProcess: ignoring environment variable with an invalid name: 'ProgramFiles(x86)'
2026-09-14 01:17:02.642 [warning] UtilityProcess: ignoring environment variable with an invalid name: 'CommonProgramFiles(x86)'
2026-09-14 01:17:02.642 [warning] UtilityProcess: ignoring environment variable with an invalid name: 'ProgramFiles(x86)'
2026-09-14 01:19:07.030 [info] Extension host with pid 9040 exited with code: 0, signal: unknown.
2026-09-14 01:22:00.508 [warning] RequestStore#acceptReply was called without receiving a matching request 274
2026-09-14 01:22:00.526 [warning] RequestStore#acceptReply was called without receiving a matching request 275
2026-09-14 01:22:00.526 [warning] RequestStore#acceptReply was called without receiving a matching request 276
2026-09-14 01:22:00.527 [warning] RequestStore#acceptReply was called without receiving a matching request 277
2026-09-14 01:22:00.527 [warning] RequestStore#acceptReply was called without receiving a matching request 278
2026-09-14 01:22:00.527 [warning] RequestStore#acceptReply was called without receiving a matching request 279
2026-09-14 01:22:00.527 [warning] RequestStore#acceptReply was called without receiving a matching request 280
2026-09-14 01:22:00.819 [warning] UtilityProcess: ignoring environment variable with an invalid name: '=::'
2026-09-14 01:22:00.820 [warning] UtilityProcess: ignoring environment variable with an invalid name: '=C:'
2026-09-14 01:22:00.820 [warning] UtilityProcess: ignoring environment variable with an invalid name: 'CommonProgramFiles(x86)'
2026-09-14 01:22:00.820 [warning] UtilityProcess: ignoring environment variable with an invalid name: 'ProgramFiles(x86)'
2026-09-14 01:22:02.636 [warning] UtilityProcess: ignoring environment variable with an invalid name: 'CommonProgramFiles(x86)'
2026-09-14 01:22:02.636 [warning] UtilityProcess: ignoring environment variable with an invalid name: 'ProgramFiles(x86)'
2026-09-14 01:24:00.145 [info] Extension host with pid 10524 exited with code: 0, signal: unknown.
2026-09-14 01:28:00.541 [warning] RequestStore#acceptReply was called without receiving a matching request 281
2026-09-14 01:28:00.542 [warning] RequestStore#acceptReply was called without receiving a matching request 282
2026-09-14 01:28:00.542 [warning] RequestStore#acceptReply was called without receiving a matching request 283
2026-09-14 01:28:00.542 [warning] RequestStore#acceptReply was called without receiving a matching request 284
2026-09-14 01:28:00.543 [warning] RequestStore#acceptReply was called without receiving a matching request 285
2026-09-14 01:28:00.543 [warning] RequestStore#acceptReply was called without receiving a matching request 286
2026-09-14 01:28:00.543 [warning] RequestStore#acceptReply was called without receiving a matching request 287
2026-09-14 01:28:00.617 [warning] UtilityProcess: ignoring environment variable with an invalid name: '=::'
2026-09-14 01:28:00.617 [warning] UtilityProcess: ignoring environment variable with an invalid name: '=C:'
2026-09-14 01:28:00.617 [warning] UtilityProcess: ignoring environment variable with an invalid name: 'CommonProgramFiles(x86)'
2026-09-14 01:28:00.617 [warning] UtilityProcess: ignoring environment variable with an invalid name: 'ProgramFiles(x86)'
2026-09-14 01:28:02.674 [warning] UtilityProcess: ignoring environment variable with an invalid name: 'CommonProgramFiles(x86)'
2026-09-14 01:28:02.675 [warning] UtilityProcess: ignoring environment variable with an invalid name: 'ProgramFiles(x86)'
2026-09-14 01:30:03.035 [info] Extension host with pid 22192 exited with code: 0, signal: unknown.
2026-09-14 01:33:04.111 [warning] [Tray] Main cloud refresh (poll) failed (1 consecutive) [unavailable] HTTP 502
2026-09-14 01:34:00.482 [warning] RequestStore#acceptReply was called without receiving a matching request 288
2026-09-14 01:34:00.483 [warning] RequestStore#acceptReply was called without receiving a matching request 289
2026-09-14 01:34:00.484 [warning] RequestStore#acceptReply was called without receiving a matching request 290
2026-09-14 01:34:00.484 [warning] RequestStore#acceptReply was called without receiving a matching request 291
2026-09-14 01:34:00.484 [warning] RequestStore#acceptReply was called without receiving a matching request 292
2026-09-14 01:34:00.485 [warning] RequestStore#acceptReply was called without receiving a matching request 293
2026-09-14 01:34:00.485 [warning] RequestStore#acceptReply was called without receiving a matching request 294
2026-09-14 01:34:00.585 [warning] UtilityProcess: ignoring environment variable with an invalid name: '=::'
2026-09-14 01:34:00.585 [warning] UtilityProcess: ignoring environment variable with an invalid name: '=C:'
2026-09-14 01:34:00.585 [warning] UtilityProcess: ignoring environment variable with an invalid name: 'CommonProgramFiles(x86)'
2026-09-14 01:34:00.585 [warning] UtilityProcess: ignoring environment variable with an invalid name: 'ProgramFiles(x86)'
2026-09-14 01:34:02.636 [warning] UtilityProcess: ignoring environment variable with an invalid name: 'CommonProgramFiles(x86)'
2026-09-14 01:34:02.636 [warning] UtilityProcess: ignoring environment variable with an invalid name: 'ProgramFiles(x86)'
2026-09-14 01:36:03.063 [info] Extension host with pid 3856 exited with code: 0, signal: unknown.
2026-09-14 01:39:00.521 [warning] RequestStore#acceptReply was called without receiving a matching request 295
2026-09-14 01:39:00.521 [warning] RequestStore#acceptReply was called without receiving a matching request 296
2026-09-14 01:39:00.522 [warning] RequestStore#acceptReply was called without receiving a matching request 297
2026-09-14 01:39:00.522 [warning] RequestStore#acceptReply was called without receiving a matching request 298
2026-09-14 01:39:00.522 [warning] RequestStore#acceptReply was called without receiving a matching request 299
2026-09-14 01:39:00.523 [warning] RequestStore#acceptReply was called without receiving a matching request 300
2026-09-14 01:39:00.523 [warning] RequestStore#acceptReply was called without receiving a matching request 301
2026-09-14 01:39:01.024 [warning] UtilityProcess: ignoring environment variable with an invalid name: '=::'
2026-09-14 01:39:01.024 [warning] UtilityProcess: ignoring environment variable with an invalid name: '=C:'
2026-09-14 01:39:01.024 [warning] UtilityProcess: ignoring environment variable with an invalid name: 'CommonProgramFiles(x86)'
2026-09-14 01:39:01.024 [warning] UtilityProcess: ignoring environment variable with an invalid name: 'ProgramFiles(x86)'
2026-09-14 01:39:02.644 [warning] UtilityProcess: ignoring environment variable with an invalid name: 'CommonProgramFiles(x86)'
2026-09-14 01:39:02.644 [warning] UtilityProcess: ignoring environment variable with an invalid name: 'ProgramFiles(x86)'
2026-09-14 01:43:03.964 [info] Extension host with pid 22748 exited with code: 0, signal: unknown.
2026-09-14 01:45:00.480 [warning] RequestStore#acceptReply was called without receiving a matching request 302
2026-09-14 01:45:00.481 [warning] RequestStore#acceptReply was called without receiving a matching request 303
2026-09-14 01:45:00.481 [warning] RequestStore#acceptReply was called without receiving a matching request 304
2026-09-14 01:45:00.481 [warning] RequestStore#acceptReply was called without receiving a matching request 305
2026-09-14 01:45:00.481 [warning] RequestStore#acceptReply was called without receiving a matching request 306
2026-09-14 01:45:00.482 [warning] RequestStore#acceptReply was called without receiving a matching request 307
2026-09-14 01:45:00.482 [warning] RequestStore#acceptReply was called without receiving a matching request 308
2026-09-14 01:45:00.987 [warning] UtilityProcess: ignoring environment variable with an invalid name: '=::'
2026-09-14 01:45:00.987 [warning] UtilityProcess: ignoring environment variable with an invalid name: '=C:'
2026-09-14 01:45:00.987 [warning] UtilityProcess: ignoring environment variable with an invalid name: 'CommonProgramFiles(x86)'
2026-09-14 01:45:00.987 [warning] UtilityProcess: ignoring environment variable with an invalid name: 'ProgramFiles(x86)'
2026-09-14 01:45:02.638 [warning] UtilityProcess: ignoring environment variable with an invalid name: 'CommonProgramFiles(x86)'
2026-09-14 01:45:02.638 [warning] UtilityProcess: ignoring environment variable with an invalid name: 'ProgramFiles(x86)'
2026-09-14 01:48:35.016 [info] Extension host with pid 11672 exited with code: 0, signal: unknown.
2026-09-14 01:51:00.438 [warning] RequestStore#acceptReply was called without receiving a matching request 309
2026-09-14 01:51:00.438 [warning] RequestStore#acceptReply was called without receiving a matching request 310
2026-09-14 01:51:00.438 [warning] RequestStore#acceptReply was called without receiving a matching request 311
2026-09-14 01:51:00.439 [warning] RequestStore#acceptReply was called without receiving a matching request 312
2026-09-14 01:51:00.439 [warning] RequestStore#acceptReply was called without receiving a matching request 313
2026-09-14 01:51:00.439 [warning] RequestStore#acceptReply was called without receiving a matching request 314
2026-09-14 01:51:00.439 [warning] RequestStore#acceptReply was called without receiving a matching request 315
2026-09-14 01:51:00.955 [warning] UtilityProcess: ignoring environment variable with an invalid name: '=::'
2026-09-14 01:51:00.955 [warning] UtilityProcess: ignoring environment variable with an invalid name: '=C:'
2026-09-14 01:51:00.955 [warning] UtilityProcess: ignoring environment variable with an invalid name: 'CommonProgramFiles(x86)'
2026-09-14 01:51:00.955 [warning] UtilityProcess: ignoring environment variable with an invalid name: 'ProgramFiles(x86)'
2026-09-14 01:51:02.645 [warning] UtilityProcess: ignoring environment variable with an invalid name: 'CommonProgramFiles(x86)'
2026-09-14 01:51:02.645 [warning] UtilityProcess: ignoring environment variable with an invalid name: 'ProgramFiles(x86)'
2026-09-14 01:53:03.067 [info] Extension host with pid 21120 exited with code: 0, signal: unknown.
2026-09-14 01:56:00.869 [warning] RequestStore#acceptReply was called without receiving a matching request 316
2026-09-14 01:56:00.870 [warning] RequestStore#acceptReply was called without receiving a matching request 317
2026-09-14 01:56:00.870 [warning] RequestStore#acceptReply was called without receiving a matching request 318
2026-09-14 01:56:00.870 [warning] RequestStore#acceptReply was called without receiving a matching request 319
2026-09-14 01:56:00.871 [warning] RequestStore#acceptReply was called without receiving a matching request 320
2026-09-14 01:56:00.871 [warning] RequestStore#acceptReply was called without receiving a matching request 321
2026-09-14 01:56:00.871 [warning] RequestStore#acceptReply was called without receiving a matching request 322
2026-09-14 01:56:00.925 [warning] UtilityProcess: ignoring environment variable with an invalid name: '=::'
2026-09-14 01:56:00.925 [warning] UtilityProcess: ignoring environment variable with an invalid name: '=C:'
2026-09-14 01:56:00.925 [warning] UtilityProcess: ignoring environment variable with an invalid name: 'CommonProgramFiles(x86)'
2026-09-14 01:56:00.925 [warning] UtilityProcess: ignoring environment variable with an invalid name: 'ProgramFiles(x86)'
2026-09-14 01:56:02.642 [warning] UtilityProcess: ignoring environment variable with an invalid name: 'CommonProgramFiles(x86)'
2026-09-14 01:56:02.642 [warning] UtilityProcess: ignoring environment variable with an invalid name: 'ProgramFiles(x86)'
2026-09-14 01:57:45.860 [info] update#setState checking for updates
2026-09-14 01:57:45.913 [info] update#setState idle
2026-09-14 01:58:16.190 [info] Extension host with pid 7848 exited with code: 0, signal: unknown.
2026-09-14 02:02:00.854 [warning] RequestStore#acceptReply was called without receiving a matching request 323
2026-09-14 02:02:00.855 [warning] RequestStore#acceptReply was called without receiving a matching request 324
2026-09-14 02:02:00.855 [warning] RequestStore#acceptReply was called without receiving a matching request 325
2026-09-14 02:02:00.856 [warning] RequestStore#acceptReply was called without receiving a matching request 326
2026-09-14 02:02:00.856 [warning] RequestStore#acceptReply was called without receiving a matching request 327
2026-09-14 02:02:00.856 [warning] RequestStore#acceptReply was called without receiving a matching request 328
2026-09-14 02:02:00.856 [warning] RequestStore#acceptReply was called without receiving a matching request 329
2026-09-14 02:02:00.928 [warning] UtilityProcess: ignoring environment variable with an invalid name: '=::'
2026-09-14 02:02:00.928 [warning] UtilityProcess: ignoring environment variable with an invalid name: '=C:'
2026-09-14 02:02:00.928 [warning] UtilityProcess: ignoring environment variable with an invalid name: 'CommonProgramFiles(x86)'
2026-09-14 02:02:00.929 [warning] UtilityProcess: ignoring environment variable with an invalid name: 'ProgramFiles(x86)'
2026-09-14 02:02:02.643 [warning] UtilityProcess: ignoring environment variable with an invalid name: 'CommonProgramFiles(x86)'
2026-09-14 02:02:02.643 [warning] UtilityProcess: ignoring environment variable with an invalid name: 'ProgramFiles(x86)'
2026-09-14 02:05:34.655 [info] Extension host with pid 25020 exited with code: 0, signal: unknown.
2026-09-14 02:08:00.388 [warning] RequestStore#acceptReply was called without receiving a matching request 330
2026-09-14 02:08:00.389 [warning] RequestStore#acceptReply was called without receiving a matching request 331
2026-09-14 02:08:00.389 [warning] RequestStore#acceptReply was called without receiving a matching request 332
2026-09-14 02:08:00.389 [warning] RequestStore#acceptReply was called without receiving a matching request 333
2026-09-14 02:08:00.390 [warning] RequestStore#acceptReply was called without receiving a matching request 334
2026-09-14 02:08:00.390 [warning] RequestStore#acceptReply was called without receiving a matching request 335
2026-09-14 02:08:00.391 [warning] RequestStore#acceptReply was called without receiving a matching request 336
2026-09-14 02:08:01.002 [warning] UtilityProcess: ignoring environment variable with an invalid name: '=::'
2026-09-14 02:08:01.002 [warning] UtilityProcess: ignoring environment variable with an invalid name: '=C:'
2026-09-14 02:08:01.002 [warning] UtilityProcess: ignoring environment variable with an invalid name: 'CommonProgramFiles(x86)'
2026-09-14 02:08:01.002 [warning] UtilityProcess: ignoring environment variable with an invalid name: 'ProgramFiles(x86)'
2026-09-14 02:08:02.635 [warning] UtilityProcess: ignoring environment variable with an invalid name: 'CommonProgramFiles(x86)'
2026-09-14 02:08:02.635 [warning] UtilityProcess: ignoring environment variable with an invalid name: 'ProgramFiles(x86)'
2026-09-14 02:10:04.728 [info] Extension host with pid 5944 exited with code: 0, signal: unknown.
2026-09-14 02:13:00.530 [warning] RequestStore#acceptReply was called without receiving a matching request 337
2026-09-14 02:13:00.530 [warning] RequestStore#acceptReply was called without receiving a matching request 338
2026-09-14 02:13:00.531 [warning] RequestStore#acceptReply was called without receiving a matching request 339
2026-09-14 02:13:00.531 [warning] RequestStore#acceptReply was called without receiving a matching request 340
2026-09-14 02:13:00.531 [warning] RequestStore#acceptReply was called without receiving a matching request 341
2026-09-14 02:13:00.531 [warning] RequestStore#acceptReply was called without receiving a matching request 342
2026-09-14 02:13:00.531 [warning] RequestStore#acceptReply was called without receiving a matching request 343
2026-09-14 02:13:00.690 [warning] UtilityProcess: ignoring environment variable with an invalid name: '=::'
2026-09-14 02:13:00.690 [warning] UtilityProcess: ignoring environment variable with an invalid name: '=C:'
2026-09-14 02:13:00.690 [warning] UtilityProcess: ignoring environment variable with an invalid name: 'CommonProgramFiles(x86)'
2026-09-14 02:13:00.690 [warning] UtilityProcess: ignoring environment variable with an invalid name: 'ProgramFiles(x86)'
2026-09-14 02:13:02.634 [warning] UtilityProcess: ignoring environment variable with an invalid name: 'CommonProgramFiles(x86)'
2026-09-14 02:13:02.634 [warning] UtilityProcess: ignoring environment variable with an invalid name: 'ProgramFiles(x86)'
2026-09-14 02:15:00.169 [info] Extension host with pid 19332 exited with code: 0, signal: unknown.
2026-09-14 02:19:00.500 [warning] RequestStore#acceptReply was called without receiving a matching request 344
2026-09-14 02:19:00.500 [warning] RequestStore#acceptReply was called without receiving a matching request 345
2026-09-14 02:19:00.500 [warning] RequestStore#acceptReply was called without receiving a matching request 346
2026-09-14 02:19:00.500 [warning] RequestStore#acceptReply was called without receiving a matching request 347
2026-09-14 02:19:00.501 [warning] RequestStore#acceptReply was called without receiving a matching request 348
2026-09-14 02:19:00.501 [warning] RequestStore#acceptReply was called without receiving a matching request 349
2026-09-14 02:19:00.501 [warning] RequestStore#acceptReply was called without receiving a matching request 350
2026-09-14 02:19:01.055 [warning] UtilityProcess: ignoring environment variable with an invalid name: '=::'
2026-09-14 02:19:01.055 [warning] UtilityProcess: ignoring environment variable with an invalid name: '=C:'
2026-09-14 02:19:01.055 [warning] UtilityProcess: ignoring environment variable with an invalid name: 'CommonProgramFiles(x86)'
2026-09-14 02:19:01.055 [warning] UtilityProcess: ignoring environment variable with an invalid name: 'ProgramFiles(x86)'
2026-09-14 02:19:02.638 [warning] UtilityProcess: ignoring environment variable with an invalid name: 'CommonProgramFiles(x86)'
2026-09-14 02:19:02.638 [warning] UtilityProcess: ignoring environment variable with an invalid name: 'ProgramFiles(x86)'
2026-09-14 02:21:44.940 [info] Extension host with pid 2912 exited with code: 0, signal: unknown.
2026-09-14 02:24:00.555 [warning] RequestStore#acceptReply was called without receiving a matching request 351
2026-09-14 02:24:00.556 [warning] RequestStore#acceptReply was called without receiving a matching request 352
2026-09-14 02:24:00.556 [warning] RequestStore#acceptReply was called without receiving a matching request 353
2026-09-14 02:24:00.557 [warning] RequestStore#acceptReply was called without receiving a matching request 354
2026-09-14 02:24:00.557 [warning] RequestStore#acceptReply was called without receiving a matching request 355
2026-09-14 02:24:00.557 [warning] RequestStore#acceptReply was called without receiving a matching request 356
2026-09-14 02:24:00.557 [warning] RequestStore#acceptReply was called without receiving a matching request 357
2026-09-14 02:24:00.657 [warning] UtilityProcess: ignoring environment variable with an invalid name: '=::'
2026-09-14 02:24:00.658 [warning] UtilityProcess: ignoring environment variable with an invalid name: '=C:'
2026-09-14 02:24:00.658 [warning] UtilityProcess: ignoring environment variable with an invalid name: 'CommonProgramFiles(x86)'
2026-09-14 02:24:00.658 [warning] UtilityProcess: ignoring environment variable with an invalid name: 'ProgramFiles(x86)'
2026-09-14 02:24:02.633 [warning] UtilityProcess: ignoring environment variable with an invalid name: 'CommonProgramFiles(x86)'
2026-09-14 02:24:02.633 [warning] UtilityProcess: ignoring environment variable with an invalid name: 'ProgramFiles(x86)'
2026-09-14 02:26:02.988 [info] Extension host with pid 19820 exited with code: 0, signal: unknown.
2026-09-14 02:30:00.859 [warning] RequestStore#acceptReply was called without receiving a matching request 358
2026-09-14 02:30:00.860 [warning] RequestStore#acceptReply was called without receiving a matching request 359
2026-09-14 02:30:00.860 [warning] RequestStore#acceptReply was called without receiving a matching request 360
2026-09-14 02:30:00.861 [warning] RequestStore#acceptReply was called without receiving a matching request 361
2026-09-14 02:30:00.861 [warning] RequestStore#acceptReply was called without receiving a matching request 362
2026-09-14 02:30:00.861 [warning] RequestStore#acceptReply was called without receiving a matching request 363
2026-09-14 02:30:00.861 [warning] RequestStore#acceptReply was called without receiving a matching request 364
2026-09-14 02:30:00.933 [warning] UtilityProcess: ignoring environment variable with an invalid name: '=::'
2026-09-14 02:30:00.933 [warning] UtilityProcess: ignoring environment variable with an invalid name: '=C:'
2026-09-14 02:30:00.933 [warning] UtilityProcess: ignoring environment variable with an invalid name: 'CommonProgramFiles(x86)'
2026-09-14 02:30:00.933 [warning] UtilityProcess: ignoring environment variable with an invalid name: 'ProgramFiles(x86)'
2026-09-14 02:30:02.643 [warning] UtilityProcess: ignoring environment variable with an invalid name: 'CommonProgramFiles(x86)'
2026-09-14 02:30:02.643 [warning] UtilityProcess: ignoring environment variable with an invalid name: 'ProgramFiles(x86)'
2026-09-14 02:32:19.103 [info] Extension host with pid 19560 exited with code: 0, signal: unknown.
2026-09-14 02:36:00.464 [warning] RequestStore#acceptReply was called without receiving a matching request 365
2026-09-14 02:36:00.464 [warning] RequestStore#acceptReply was called without receiving a matching request 366
2026-09-14 02:36:00.465 [warning] RequestStore#acceptReply was called without receiving a matching request 367
2026-09-14 02:36:00.465 [warning] RequestStore#acceptReply was called without receiving a matching request 368
2026-09-14 02:36:00.465 [warning] RequestStore#acceptReply was called without receiving a matching request 369
2026-09-14 02:36:00.465 [warning] RequestStore#acceptReply was called without receiving a matching request 370
2026-09-14 02:36:00.465 [warning] RequestStore#acceptReply was called without receiving a matching request 371
2026-09-14 02:36:00.696 [warning] UtilityProcess: ignoring environment variable with an invalid name: '=::'
2026-09-14 02:36:00.696 [warning] UtilityProcess: ignoring environment variable with an invalid name: '=C:'
2026-09-14 02:36:00.696 [warning] UtilityProcess: ignoring environment variable with an invalid name: 'CommonProgramFiles(x86)'
2026-09-14 02:36:00.696 [warning] UtilityProcess: ignoring environment variable with an invalid name: 'ProgramFiles(x86)'
2026-09-14 02:36:02.636 [warning] UtilityProcess: ignoring environment variable with an invalid name: 'CommonProgramFiles(x86)'
2026-09-14 02:36:02.636 [warning] UtilityProcess: ignoring environment variable with an invalid name: 'ProgramFiles(x86)'
2026-09-14 02:38:25.098 [info] Extension host with pid 8088 exited with code: 0, signal: unknown.
2026-09-14 02:41:00.508 [warning] RequestStore#acceptReply was called without receiving a matching request 372
2026-09-14 02:41:00.509 [warning] RequestStore#acceptReply was called without receiving a matching request 373
2026-09-14 02:41:00.509 [warning] RequestStore#acceptReply was called without receiving a matching request 374
2026-09-14 02:41:00.520 [warning] RequestStore#acceptReply was called without receiving a matching request 375
2026-09-14 02:41:00.520 [warning] RequestStore#acceptReply was called without receiving a matching request 376
2026-09-14 02:41:00.521 [warning] RequestStore#acceptReply was called without receiving a matching request 377
2026-09-14 02:41:00.521 [warning] RequestStore#acceptReply was called without receiving a matching request 378
2026-09-14 02:41:00.576 [warning] UtilityProcess: ignoring environment variable with an invalid name: '=::'
2026-09-14 02:41:00.576 [warning] UtilityProcess: ignoring environment variable with an invalid name: '=C:'
2026-09-14 02:41:00.576 [warning] UtilityProcess: ignoring environment variable with an invalid name: 'CommonProgramFiles(x86)'
2026-09-14 02:41:00.577 [warning] UtilityProcess: ignoring environment variable with an invalid name: 'ProgramFiles(x86)'
2026-09-14 02:41:02.657 [warning] UtilityProcess: ignoring environment variable with an invalid name: 'CommonProgramFiles(x86)'
2026-09-14 02:41:02.657 [warning] UtilityProcess: ignoring environment variable with an invalid name: 'ProgramFiles(x86)'
2026-09-14 02:43:30.047 [info] Extension host with pid 27484 exited with code: 0, signal: unknown.
2026-09-14 02:46:37.750 [warning] RequestStore#acceptReply was called without receiving a matching request 379
2026-09-14 02:46:37.751 [warning] RequestStore#acceptReply was called without receiving a matching request 380
2026-09-14 02:46:37.751 [warning] RequestStore#acceptReply was called without receiving a matching request 381
2026-09-14 02:46:37.751 [warning] RequestStore#acceptReply was called without receiving a matching request 382
2026-09-14 02:46:37.752 [warning] RequestStore#acceptReply was called without receiving a matching request 383
2026-09-14 02:46:37.752 [warning] RequestStore#acceptReply was called without receiving a matching request 384
2026-09-14 02:46:37.752 [warning] RequestStore#acceptReply was called without receiving a matching request 385
2026-09-14 02:46:37.814 [warning] UtilityProcess: ignoring environment variable with an invalid name: '=::'
2026-09-14 02:46:37.814 [warning] UtilityProcess: ignoring environment variable with an invalid name: '=C:'
2026-09-14 02:46:37.814 [warning] UtilityProcess: ignoring environment variable with an invalid name: 'CommonProgramFiles(x86)'
2026-09-14 02:46:37.814 [warning] UtilityProcess: ignoring environment variable with an invalid name: 'ProgramFiles(x86)'
2026-09-14 02:46:40.636 [warning] UtilityProcess: ignoring environment variable with an invalid name: 'CommonProgramFiles(x86)'
2026-09-14 02:46:40.636 [warning] UtilityProcess: ignoring environment variable with an invalid name: 'ProgramFiles(x86)'
2026-09-14 02:49:35.061 [info] Extension host with pid 23088 exited with code: 0, signal: unknown.
2026-09-14 02:53:00.472 [warning] RequestStore#acceptReply was called without receiving a matching request 386
2026-09-14 02:53:00.473 [warning] RequestStore#acceptReply was called without receiving a matching request 387
2026-09-14 02:53:00.473 [warning] RequestStore#acceptReply was called without receiving a matching request 388
2026-09-14 02:53:00.474 [warning] RequestStore#acceptReply was called without receiving a matching request 389
2026-09-14 02:53:00.474 [warning] RequestStore#acceptReply was called without receiving a matching request 390
2026-09-14 02:53:00.474 [warning] RequestStore#acceptReply was called without receiving a matching request 391
2026-09-14 02:53:00.474 [warning] RequestStore#acceptReply was called without receiving a matching request 392
2026-09-14 02:53:00.593 [warning] UtilityProcess: ignoring environment variable with an invalid name: '=::'
2026-09-14 02:53:00.593 [warning] UtilityProcess: ignoring environment variable with an invalid name: '=C:'
2026-09-14 02:53:00.593 [warning] UtilityProcess: ignoring environment variable with an invalid name: 'CommonProgramFiles(x86)'
2026-09-14 02:53:00.593 [warning] UtilityProcess: ignoring environment variable with an invalid name: 'ProgramFiles(x86)'
2026-09-14 02:53:02.632 [warning] UtilityProcess: ignoring environment variable with an invalid name: 'CommonProgramFiles(x86)'
2026-09-14 02:53:02.632 [warning] UtilityProcess: ignoring environment variable with an invalid name: 'ProgramFiles(x86)'
2026-09-14 02:55:02.018 [info] Extension host with pid 9008 exited with code: 0, signal: unknown.
2026-09-14 02:58:45.063 [info] update#setState checking for updates
2026-09-14 02:58:45.111 [info] update#setState idle
2026-09-14 02:59:00.439 [warning] UtilityProcess: ignoring environment variable with an invalid name: '=::'
2026-09-14 02:59:00.439 [warning] UtilityProcess: ignoring environment variable with an invalid name: '=C:'
2026-09-14 02:59:00.439 [warning] UtilityProcess: ignoring environment variable with an invalid name: 'CommonProgramFiles(x86)'
2026-09-14 02:59:00.439 [warning] UtilityProcess: ignoring environment variable with an invalid name: 'ProgramFiles(x86)'
2026-09-14 02:59:00.473 [warning] RequestStore#acceptReply was called without receiving a matching request 393
2026-09-14 02:59:00.492 [warning] RequestStore#acceptReply was called without receiving a matching request 394
2026-09-14 02:59:00.492 [warning] RequestStore#acceptReply was called without receiving a matching request 395
2026-09-14 02:59:00.492 [warning] RequestStore#acceptReply was called without receiving a matching request 396
2026-09-14 02:59:00.493 [warning] RequestStore#acceptReply was called without receiving a matching request 397
2026-09-14 02:59:00.493 [warning] RequestStore#acceptReply was called without receiving a matching request 398
2026-09-14 02:59:00.493 [warning] RequestStore#acceptReply was called without receiving a matching request 399
2026-09-14 02:59:02.636 [warning] UtilityProcess: ignoring environment variable with an invalid name: 'CommonProgramFiles(x86)'
2026-09-14 02:59:02.636 [warning] UtilityProcess: ignoring environment variable with an invalid name: 'ProgramFiles(x86)'
2026-09-14 03:01:48.065 [info] Extension host with pid 15512 exited with code: 0, signal: unknown.
2026-09-14 03:04:00.553 [warning] RequestStore#acceptReply was called without receiving a matching request 400
2026-09-14 03:04:00.554 [warning] RequestStore#acceptReply was called without receiving a matching request 401
2026-09-14 03:04:00.554 [warning] RequestStore#acceptReply was called without receiving a matching request 402
2026-09-14 03:04:00.555 [warning] RequestStore#acceptReply was called without receiving a matching request 403
2026-09-14 03:04:00.555 [warning] RequestStore#acceptReply was called without receiving a matching request 404
2026-09-14 03:04:00.555 [warning] RequestStore#acceptReply was called without receiving a matching request 405
2026-09-14 03:04:00.555 [warning] RequestStore#acceptReply was called without receiving a matching request 406
2026-09-14 03:04:00.657 [warning] UtilityProcess: ignoring environment variable with an invalid name: '=::'
2026-09-14 03:04:00.658 [warning] UtilityProcess: ignoring environment variable with an invalid name: '=C:'
2026-09-14 03:04:00.658 [warning] UtilityProcess: ignoring environment variable with an invalid name: 'CommonProgramFiles(x86)'
2026-09-14 03:04:00.658 [warning] UtilityProcess: ignoring environment variable with an invalid name: 'ProgramFiles(x86)'
2026-09-14 03:04:02.633 [warning] UtilityProcess: ignoring environment variable with an invalid name: 'CommonProgramFiles(x86)'
2026-09-14 03:04:02.633 [warning] UtilityProcess: ignoring environment variable with an invalid name: 'ProgramFiles(x86)'
2026-09-14 03:09:00.064 [info] Extension host with pid 8368 exited with code: 0, signal: unknown.
2026-09-14 03:09:00.424 [warning] RequestStore#acceptReply was called without receiving a matching request 407
2026-09-14 03:09:00.466 [warning] RequestStore#acceptReply was called without receiving a matching request 408
2026-09-14 03:09:00.484 [warning] RequestStore#acceptReply was called without receiving a matching request 409
2026-09-14 03:09:00.484 [warning] RequestStore#acceptReply was called without receiving a matching request 410
2026-09-14 03:09:00.485 [warning] RequestStore#acceptReply was called without receiving a matching request 411
2026-09-14 03:09:00.485 [warning] RequestStore#acceptReply was called without receiving a matching request 412
2026-09-14 03:09:00.485 [warning] RequestStore#acceptReply was called without receiving a matching request 413
2026-09-14 03:09:01.045 [warning] UtilityProcess: ignoring environment variable with an invalid name: '=::'
2026-09-14 03:09:01.045 [warning] UtilityProcess: ignoring environment variable with an invalid name: '=C:'
2026-09-14 03:09:01.045 [warning] UtilityProcess: ignoring environment variable with an invalid name: 'CommonProgramFiles(x86)'
2026-09-14 03:09:01.045 [warning] UtilityProcess: ignoring environment variable with an invalid name: 'ProgramFiles(x86)'
2026-09-14 03:09:02.643 [warning] UtilityProcess: ignoring environment variable with an invalid name: 'CommonProgramFiles(x86)'
2026-09-14 03:09:02.643 [warning] UtilityProcess: ignoring environment variable with an invalid name: 'ProgramFiles(x86)'
2026-09-14 03:12:03.034 [info] Extension host with pid 26268 exited with code: 0, signal: unknown.
2026-09-14 03:14:00.559 [warning] RequestStore#acceptReply was called without receiving a matching request 414
2026-09-14 03:14:00.560 [warning] RequestStore#acceptReply was called without receiving a matching request 415
2026-09-14 03:14:00.560 [warning] RequestStore#acceptReply was called without receiving a matching request 416
2026-09-14 03:14:00.560 [warning] RequestStore#acceptReply was called without receiving a matching request 417
2026-09-14 03:14:00.560 [warning] RequestStore#acceptReply was called without receiving a matching request 418
2026-09-14 03:14:00.561 [warning] RequestStore#acceptReply was called without receiving a matching request 419
2026-09-14 03:14:00.561 [warning] RequestStore#acceptReply was called without receiving a matching request 420
2026-09-14 03:14:00.631 [warning] UtilityProcess: ignoring environment variable with an invalid name: '=::'
2026-09-14 03:14:00.631 [warning] UtilityProcess: ignoring environment variable with an invalid name: '=C:'
2026-09-14 03:14:00.631 [warning] UtilityProcess: ignoring environment variable with an invalid name: 'CommonProgramFiles(x86)'
2026-09-14 03:14:00.631 [warning] UtilityProcess: ignoring environment variable with an invalid name: 'ProgramFiles(x86)'
2026-09-14 03:14:02.632 [warning] UtilityProcess: ignoring environment variable with an invalid name: 'CommonProgramFiles(x86)'
2026-09-14 03:14:02.632 [warning] UtilityProcess: ignoring environment variable with an invalid name: 'ProgramFiles(x86)'
2026-09-14 03:16:01.095 [info] Extension host with pid 12092 exited with code: 0, signal: unknown.
2026-09-14 03:20:00.719 [warning] RequestStore#acceptReply was called without receiving a matching request 421
2026-09-14 03:20:00.719 [warning] RequestStore#acceptReply was called without receiving a matching request 422
2026-09-14 03:20:00.719 [warning] RequestStore#acceptReply was called without receiving a matching request 423
2026-09-14 03:20:00.719 [warning] RequestStore#acceptReply was called without receiving a matching request 424
2026-09-14 03:20:00.719 [warning] RequestStore#acceptReply was called without receiving a matching request 425
2026-09-14 03:20:00.719 [warning] RequestStore#acceptReply was called without receiving a matching request 426
2026-09-14 03:20:00.720 [warning] RequestStore#acceptReply was called without receiving a matching request 427
2026-09-14 03:20:00.772 [warning] UtilityProcess: ignoring environment variable with an invalid name: '=::'
2026-09-14 03:20:00.772 [warning] UtilityProcess: ignoring environment variable with an invalid name: '=C:'
2026-09-14 03:20:00.772 [warning] UtilityProcess: ignoring environment variable with an invalid name: 'CommonProgramFiles(x86)'
2026-09-14 03:20:00.772 [warning] UtilityProcess: ignoring environment variable with an invalid name: 'ProgramFiles(x86)'
2026-09-14 03:20:03.627 [warning] UtilityProcess: ignoring environment variable with an invalid name: 'CommonProgramFiles(x86)'
2026-09-14 03:20:03.627 [warning] UtilityProcess: ignoring environment variable with an invalid name: 'ProgramFiles(x86)'
2026-09-14 03:24:04.050 [info] Extension host with pid 18672 exited with code: 0, signal: unknown.
2026-09-14 03:25:32.117 [warning] RequestStore#acceptReply was called without receiving a matching request 428
2026-09-14 03:25:32.118 [warning] RequestStore#acceptReply was called without receiving a matching request 429
2026-09-14 03:25:32.118 [warning] RequestStore#acceptReply was called without receiving a matching request 430
2026-09-14 03:25:32.119 [warning] RequestStore#acceptReply was called without receiving a matching request 431
2026-09-14 03:25:32.119 [warning] RequestStore#acceptReply was called without receiving a matching request 432
2026-09-14 03:25:32.119 [warning] RequestStore#acceptReply was called without receiving a matching request 433
2026-09-14 03:25:32.119 [warning] RequestStore#acceptReply was called without receiving a matching request 434
2026-09-14 03:25:32.184 [warning] UtilityProcess: ignoring environment variable with an invalid name: '=::'
2026-09-14 03:25:32.184 [warning] UtilityProcess: ignoring environment variable with an invalid name: '=C:'
2026-09-14 03:25:32.184 [warning] UtilityProcess: ignoring environment variable with an invalid name: 'CommonProgramFiles(x86)'
2026-09-14 03:25:32.184 [warning] UtilityProcess: ignoring environment variable with an invalid name: 'ProgramFiles(x86)'
2026-09-14 03:25:34.626 [warning] UtilityProcess: ignoring environment variable with an invalid name: 'CommonProgramFiles(x86)'
2026-09-14 03:25:34.627 [warning] UtilityProcess: ignoring environment variable with an invalid name: 'ProgramFiles(x86)'
2026-09-14 03:28:14.160 [info] Extension host with pid 25812 exited with code: 0, signal: unknown.
2026-09-14 03:31:00.861 [warning] RequestStore#acceptReply was called without receiving a matching request 435
2026-09-14 03:31:00.861 [warning] RequestStore#acceptReply was called without receiving a matching request 436
2026-09-14 03:31:00.862 [warning] RequestStore#acceptReply was called without receiving a matching request 437
2026-09-14 03:31:00.862 [warning] RequestStore#acceptReply was called without receiving a matching request 438
2026-09-14 03:31:00.862 [warning] RequestStore#acceptReply was called without receiving a matching request 439
2026-09-14 03:31:00.862 [warning] RequestStore#acceptReply was called without receiving a matching request 440
2026-09-14 03:31:00.863 [warning] RequestStore#acceptReply was called without receiving a matching request 441
2026-09-14 03:31:00.934 [warning] UtilityProcess: ignoring environment variable with an invalid name: '=::'
2026-09-14 03:31:00.934 [warning] UtilityProcess: ignoring environment variable with an invalid name: '=C:'
2026-09-14 03:31:00.934 [warning] UtilityProcess: ignoring environment variable with an invalid name: 'CommonProgramFiles(x86)'
2026-09-14 03:31:00.934 [warning] UtilityProcess: ignoring environment variable with an invalid name: 'ProgramFiles(x86)'
2026-09-14 03:31:02.641 [warning] UtilityProcess: ignoring environment variable with an invalid name: 'CommonProgramFiles(x86)'
2026-09-14 03:31:02.641 [warning] UtilityProcess: ignoring environment variable with an invalid name: 'ProgramFiles(x86)'
2026-09-14 03:36:00.344 [info] Extension host with pid 20960 exited with code: 0, signal: unknown.
2026-09-14 03:36:00.526 [warning] RequestStore#acceptReply was called without receiving a matching request 442
2026-09-14 03:36:00.527 [warning] RequestStore#acceptReply was called without receiving a matching request 443
2026-09-14 03:36:00.527 [warning] RequestStore#acceptReply was called without receiving a matching request 444
2026-09-14 03:36:00.528 [warning] RequestStore#acceptReply was called without receiving a matching request 445
2026-09-14 03:36:00.528 [warning] RequestStore#acceptReply was called without receiving a matching request 446
2026-09-14 03:36:00.528 [warning] RequestStore#acceptReply was called without receiving a matching request 447
2026-09-14 03:36:00.529 [warning] RequestStore#acceptReply was called without receiving a matching request 448
2026-09-14 03:36:00.608 [warning] UtilityProcess: ignoring environment variable with an invalid name: '=::'
2026-09-14 03:36:00.608 [warning] UtilityProcess: ignoring environment variable with an invalid name: '=C:'
2026-09-14 03:36:00.608 [warning] UtilityProcess: ignoring environment variable with an invalid name: 'CommonProgramFiles(x86)'
2026-09-14 03:36:00.608 [warning] UtilityProcess: ignoring environment variable with an invalid name: 'ProgramFiles(x86)'
2026-09-14 03:36:02.632 [warning] UtilityProcess: ignoring environment variable with an invalid name: 'CommonProgramFiles(x86)'
2026-09-14 03:36:02.632 [warning] UtilityProcess: ignoring environment variable with an invalid name: 'ProgramFiles(x86)'
2026-09-14 03:38:23.144 [info] Extension host with pid 27556 exited with code: 0, signal: unknown.
2026-09-14 03:42:00.597 [warning] RequestStore#acceptReply was called without receiving a matching request 449
2026-09-14 03:42:00.597 [warning] RequestStore#acceptReply was called without receiving a matching request 450
2026-09-14 03:42:00.597 [warning] RequestStore#acceptReply was called without receiving a matching request 451
2026-09-14 03:42:00.597 [warning] RequestStore#acceptReply was called without receiving a matching request 452
2026-09-14 03:42:00.598 [warning] RequestStore#acceptReply was called without receiving a matching request 453
2026-09-14 03:42:00.598 [warning] RequestStore#acceptReply was called without receiving a matching request 454
2026-09-14 03:42:00.598 [warning] RequestStore#acceptReply was called without receiving a matching request 455
2026-09-14 03:42:00.711 [warning] UtilityProcess: ignoring environment variable with an invalid name: '=::'
2026-09-14 03:42:00.711 [warning] UtilityProcess: ignoring environment variable with an invalid name: '=C:'
2026-09-14 03:42:00.711 [warning] UtilityProcess: ignoring environment variable with an invalid name: 'CommonProgramFiles(x86)'
2026-09-14 03:42:00.711 [warning] UtilityProcess: ignoring environment variable with an invalid name: 'ProgramFiles(x86)'
2026-09-14 03:42:02.633 [warning] UtilityProcess: ignoring environment variable with an invalid name: 'CommonProgramFiles(x86)'
2026-09-14 03:42:02.633 [warning] UtilityProcess: ignoring environment variable with an invalid name: 'ProgramFiles(x86)'
2026-09-14 03:44:30.212 [info] Extension host with pid 10488 exited with code: 0, signal: unknown.
2026-09-14 03:48:00.629 [warning] RequestStore#acceptReply was called without receiving a matching request 456
2026-09-14 03:48:00.648 [warning] RequestStore#acceptReply was called without receiving a matching request 457
2026-09-14 03:48:00.649 [warning] RequestStore#acceptReply was called without receiving a matching request 458
2026-09-14 03:48:00.650 [warning] RequestStore#acceptReply was called without receiving a matching request 459
2026-09-14 03:48:00.650 [warning] RequestStore#acceptReply was called without receiving a matching request 460
2026-09-14 03:48:00.650 [warning] RequestStore#acceptReply was called without receiving a matching request 461
2026-09-14 03:48:00.650 [warning] RequestStore#acceptReply was called without receiving a matching request 462
2026-09-14 03:48:00.653 [warning] UtilityProcess: ignoring environment variable with an invalid name: '=::'
2026-09-14 03:48:00.653 [warning] UtilityProcess: ignoring environment variable with an invalid name: '=C:'
2026-09-14 03:48:00.653 [warning] UtilityProcess: ignoring environment variable with an invalid name: 'CommonProgramFiles(x86)'
2026-09-14 03:48:00.653 [warning] UtilityProcess: ignoring environment variable with an invalid name: 'ProgramFiles(x86)'
2026-09-14 03:48:02.632 [warning] UtilityProcess: ignoring environment variable with an invalid name: 'CommonProgramFiles(x86)'
2026-09-14 03:48:02.632 [warning] UtilityProcess: ignoring environment variable with an invalid name: 'ProgramFiles(x86)'
2026-09-14 03:50:03.121 [info] Extension host with pid 10784 exited with code: 0, signal: unknown.
2026-09-14 03:53:00.541 [warning] RequestStore#acceptReply was called without receiving a matching request 463
2026-09-14 03:53:00.543 [warning] RequestStore#acceptReply was called without receiving a matching request 464
2026-09-14 03:53:00.543 [warning] RequestStore#acceptReply was called without receiving a matching request 465
2026-09-14 03:53:00.543 [warning] RequestStore#acceptReply was called without receiving a matching request 466
2026-09-14 03:53:00.543 [warning] RequestStore#acceptReply was called without receiving a matching request 467
2026-09-14 03:53:00.543 [warning] RequestStore#acceptReply was called without receiving a matching request 468
2026-09-14 03:53:00.544 [warning] RequestStore#acceptReply was called without receiving a matching request 469
2026-09-14 03:53:00.625 [warning] UtilityProcess: ignoring environment variable with an invalid name: '=::'
2026-09-14 03:53:00.625 [warning] UtilityProcess: ignoring environment variable with an invalid name: '=C:'
2026-09-14 03:53:00.626 [warning] UtilityProcess: ignoring environment variable with an invalid name: 'CommonProgramFiles(x86)'
2026-09-14 03:53:00.626 [warning] UtilityProcess: ignoring environment variable with an invalid name: 'ProgramFiles(x86)'
2026-09-14 03:53:02.632 [warning] UtilityProcess: ignoring environment variable with an invalid name: 'CommonProgramFiles(x86)'
2026-09-14 03:53:02.632 [warning] UtilityProcess: ignoring environment variable with an invalid name: 'ProgramFiles(x86)'
2026-09-14 03:56:06.407 [info] Extension host with pid 16064 exited with code: 0, signal: unknown.
2026-09-14 03:57:43.355 [info] update#setState checking for updates
2026-09-14 03:57:43.424 [info] update#setState idle
2026-09-14 03:59:00.729 [warning] RequestStore#acceptReply was called without receiving a matching request 470
2026-09-14 03:59:00.729 [warning] RequestStore#acceptReply was called without receiving a matching request 471
2026-09-14 03:59:00.730 [warning] RequestStore#acceptReply was called without receiving a matching request 472
2026-09-14 03:59:00.730 [warning] RequestStore#acceptReply was called without receiving a matching request 473
2026-09-14 03:59:00.730 [warning] RequestStore#acceptReply was called without receiving a matching request 474
2026-09-14 03:59:00.731 [warning] RequestStore#acceptReply was called without receiving a matching request 475
2026-09-14 03:59:00.731 [warning] RequestStore#acceptReply was called without receiving a matching request 476
2026-09-14 03:59:00.795 [warning] UtilityProcess: ignoring environment variable with an invalid name: '=::'
2026-09-14 03:59:00.796 [warning] UtilityProcess: ignoring environment variable with an invalid name: '=C:'
2026-09-14 03:59:00.796 [warning] UtilityProcess: ignoring environment variable with an invalid name: 'CommonProgramFiles(x86)'
2026-09-14 03:59:00.796 [warning] UtilityProcess: ignoring environment variable with an invalid name: 'ProgramFiles(x86)'
2026-09-14 03:59:03.634 [warning] UtilityProcess: ignoring environment variable with an invalid name: 'CommonProgramFiles(x86)'
2026-09-14 03:59:03.634 [warning] UtilityProcess: ignoring environment variable with an invalid name: 'ProgramFiles(x86)'
2026-09-14 04:01:29.907 [info] Extension host with pid 13952 exited with code: 0, signal: unknown.
2026-09-14 04:04:00.741 [warning] RequestStore#acceptReply was called without receiving a matching request 477
2026-09-14 04:04:00.742 [warning] RequestStore#acceptReply was called without receiving a matching request 478
2026-09-14 04:04:00.742 [warning] RequestStore#acceptReply was called without receiving a matching request 479
2026-09-14 04:04:00.743 [warning] RequestStore#acceptReply was called without receiving a matching request 480
2026-09-14 04:04:00.744 [warning] RequestStore#acceptReply was called without receiving a matching request 481
2026-09-14 04:04:00.744 [warning] RequestStore#acceptReply was called without receiving a matching request 482
2026-09-14 04:04:00.745 [warning] RequestStore#acceptReply was called without receiving a matching request 483
2026-09-14 04:04:01.289 [warning] UtilityProcess: ignoring environment variable with an invalid name: '=::'
2026-09-14 04:04:01.289 [warning] UtilityProcess: ignoring environment variable with an invalid name: '=C:'
2026-09-14 04:04:01.289 [warning] UtilityProcess: ignoring environment variable with an invalid name: 'CommonProgramFiles(x86)'
2026-09-14 04:04:01.289 [warning] UtilityProcess: ignoring environment variable with an invalid name: 'ProgramFiles(x86)'
2026-09-14 04:04:02.636 [warning] UtilityProcess: ignoring environment variable with an invalid name: 'CommonProgramFiles(x86)'
2026-09-14 04:04:02.636 [warning] UtilityProcess: ignoring environment variable with an invalid name: 'ProgramFiles(x86)'
2026-09-14 04:07:04.068 [info] Extension host with pid 2028 exited with code: 0, signal: unknown.
2026-09-14 04:10:00.540 [warning] RequestStore#acceptReply was called without receiving a matching request 484
2026-09-14 04:10:00.540 [warning] RequestStore#acceptReply was called without receiving a matching request 485
2026-09-14 04:10:00.540 [warning] RequestStore#acceptReply was called without receiving a matching request 486
2026-09-14 04:10:00.541 [warning] RequestStore#acceptReply was called without receiving a matching request 487
2026-09-14 04:10:00.541 [warning] RequestStore#acceptReply was called without receiving a matching request 488
2026-09-14 04:10:00.541 [warning] RequestStore#acceptReply was called without receiving a matching request 489
2026-09-14 04:10:00.542 [warning] RequestStore#acceptReply was called without receiving a matching request 490
2026-09-14 04:10:00.605 [warning] UtilityProcess: ignoring environment variable with an invalid name: '=::'
2026-09-14 04:10:00.605 [warning] UtilityProcess: ignoring environment variable with an invalid name: '=C:'
2026-09-14 04:10:00.605 [warning] UtilityProcess: ignoring environment variable with an invalid name: 'CommonProgramFiles(x86)'
2026-09-14 04:10:00.606 [warning] UtilityProcess: ignoring environment variable with an invalid name: 'ProgramFiles(x86)'
2026-09-14 04:10:02.632 [warning] UtilityProcess: ignoring environment variable with an invalid name: 'CommonProgramFiles(x86)'
2026-09-14 04:10:02.632 [warning] UtilityProcess: ignoring environment variable with an invalid name: 'ProgramFiles(x86)'
2026-09-14 04:13:08.940 [info] Extension host with pid 27360 exited with code: 0, signal: unknown.
2026-09-14 04:15:00.542 [warning] RequestStore#acceptReply was called without receiving a matching request 491
2026-09-14 04:15:00.542 [warning] RequestStore#acceptReply was called without receiving a matching request 492
2026-09-14 04:15:00.543 [warning] RequestStore#acceptReply was called without receiving a matching request 493
2026-09-14 04:15:00.543 [warning] RequestStore#acceptReply was called without receiving a matching request 494
2026-09-14 04:15:00.543 [warning] RequestStore#acceptReply was called without receiving a matching request 495
2026-09-14 04:15:00.543 [warning] RequestStore#acceptReply was called without receiving a matching request 496
2026-09-14 04:15:00.543 [warning] RequestStore#acceptReply was called without receiving a matching request 497
2026-09-14 04:15:00.624 [warning] UtilityProcess: ignoring environment variable with an invalid name: '=::'
2026-09-14 04:15:00.624 [warning] UtilityProcess: ignoring environment variable with an invalid name: '=C:'
2026-09-14 04:15:00.624 [warning] UtilityProcess: ignoring environment variable with an invalid name: 'CommonProgramFiles(x86)'
2026-09-14 04:15:00.624 [warning] UtilityProcess: ignoring environment variable with an invalid name: 'ProgramFiles(x86)'
2026-09-14 04:15:02.632 [warning] UtilityProcess: ignoring environment variable with an invalid name: 'CommonProgramFiles(x86)'
2026-09-14 04:15:02.632 [warning] UtilityProcess: ignoring environment variable with an invalid name: 'ProgramFiles(x86)'
2026-09-14 04:18:30.733 [info] Extension host with pid 11672 exited with code: 0, signal: unknown.
2026-09-14 04:20:01.157 [warning] RequestStore#acceptReply was called without receiving a matching request 498
2026-09-14 04:20:01.158 [warning] RequestStore#acceptReply was called without receiving a matching request 499
2026-09-14 04:20:01.158 [warning] RequestStore#acceptReply was called without receiving a matching request 500
2026-09-14 04:20:01.158 [warning] RequestStore#acceptReply was called without receiving a matching request 501
2026-09-14 04:20:01.159 [warning] RequestStore#acceptReply was called without receiving a matching request 502
2026-09-14 04:20:01.159 [warning] RequestStore#acceptReply was called without receiving a matching request 503
2026-09-14 04:20:01.159 [warning] RequestStore#acceptReply was called without receiving a matching request 504
2026-09-14 04:20:01.230 [warning] UtilityProcess: ignoring environment variable with an invalid name: '=::'
2026-09-14 04:20:01.230 [warning] UtilityProcess: ignoring environment variable with an invalid name: '=C:'
2026-09-14 04:20:01.230 [warning] UtilityProcess: ignoring environment variable with an invalid name: 'CommonProgramFiles(x86)'
2026-09-14 04:20:01.230 [warning] UtilityProcess: ignoring environment variable with an invalid name: 'ProgramFiles(x86)'
2026-09-14 04:20:02.642 [warning] UtilityProcess: ignoring environment variable with an invalid name: 'CommonProgramFiles(x86)'
2026-09-14 04:20:02.642 [warning] UtilityProcess: ignoring environment variable with an invalid name: 'ProgramFiles(x86)'
2026-09-14 04:20:31.642 [info] [WorktreeCleanupMainService] Granted cleanup lease id=1 owner=window:2 reason="startup-catchup-worktree-cleanup"
2026-09-14 04:20:31.645 [info] [WorktreeCleanupMainService] Releasing cleanup lease id=1 owner=window:2 reason="startup-catchup-worktree-cleanup" releaseReason="released" heldForMs=3
2026-09-14 04:22:05.157 [info] Extension host with pid 7248 exited with code: 0, signal: unknown.
2026-09-14 04:26:00.575 [warning] RequestStore#acceptReply was called without receiving a matching request 505
2026-09-14 04:26:00.575 [warning] RequestStore#acceptReply was called without receiving a matching request 506
2026-09-14 04:26:00.576 [warning] RequestStore#acceptReply was called without receiving a matching request 507
2026-09-14 04:26:00.576 [warning] RequestStore#acceptReply was called without receiving a matching request 508
2026-09-14 04:26:00.577 [warning] RequestStore#acceptReply was called without receiving a matching request 509
2026-09-14 04:26:00.577 [warning] RequestStore#acceptReply was called without receiving a matching request 510
2026-09-14 04:26:00.577 [warning] RequestStore#acceptReply was called without receiving a matching request 511
2026-09-14 04:26:00.660 [warning] UtilityProcess: ignoring environment variable with an invalid name: '=::'
2026-09-14 04:26:00.660 [warning] UtilityProcess: ignoring environment variable with an invalid name: '=C:'
2026-09-14 04:26:00.660 [warning] UtilityProcess: ignoring environment variable with an invalid name: 'CommonProgramFiles(x86)'
2026-09-14 04:26:00.660 [warning] UtilityProcess: ignoring environment variable with an invalid name: 'ProgramFiles(x86)'
2026-09-14 04:26:02.639 [warning] UtilityProcess: ignoring environment variable with an invalid name: 'CommonProgramFiles(x86)'
2026-09-14 04:26:02.639 [warning] UtilityProcess: ignoring environment variable with an invalid name: 'ProgramFiles(x86)'
2026-09-14 04:29:12.124 [info] Extension host with pid 8560 exited with code: 0, signal: unknown.
2026-09-14 04:32:00.982 [warning] RequestStore#acceptReply was called without receiving a matching request 512
2026-09-14 04:32:00.982 [warning] RequestStore#acceptReply was called without receiving a matching request 513
2026-09-14 04:32:00.982 [warning] RequestStore#acceptReply was called without receiving a matching request 514
2026-09-14 04:32:00.983 [warning] RequestStore#acceptReply was called without receiving a matching request 515
2026-09-14 04:32:00.983 [warning] RequestStore#acceptReply was called without receiving a matching request 516
2026-09-14 04:32:00.983 [warning] RequestStore#acceptReply was called without receiving a matching request 517
2026-09-14 04:32:00.983 [warning] RequestStore#acceptReply was called without receiving a matching request 518
2026-09-14 04:32:01.048 [warning] UtilityProcess: ignoring environment variable with an invalid name: '=::'
2026-09-14 04:32:01.048 [warning] UtilityProcess: ignoring environment variable with an invalid name: '=C:'
2026-09-14 04:32:01.048 [warning] UtilityProcess: ignoring environment variable with an invalid name: 'CommonProgramFiles(x86)'
2026-09-14 04:32:01.048 [warning] UtilityProcess: ignoring environment variable with an invalid name: 'ProgramFiles(x86)'
2026-09-14 04:32:02.644 [warning] UtilityProcess: ignoring environment variable with an invalid name: 'CommonProgramFiles(x86)'
2026-09-14 04:32:02.644 [warning] UtilityProcess: ignoring environment variable with an invalid name: 'ProgramFiles(x86)'
2026-09-14 04:34:00.144 [info] Extension host with pid 27544 exited with code: 0, signal: unknown.
2026-09-14 04:37:00.767 [warning] RequestStore#acceptReply was called without receiving a matching request 519
2026-09-14 04:37:00.768 [warning] RequestStore#acceptReply was called without receiving a matching request 520
2026-09-14 04:37:00.768 [warning] RequestStore#acceptReply was called without receiving a matching request 521
2026-09-14 04:37:00.768 [warning] RequestStore#acceptReply was called without receiving a matching request 522
2026-09-14 04:37:00.769 [warning] RequestStore#acceptReply was called without receiving a matching request 523
2026-09-14 04:37:00.769 [warning] RequestStore#acceptReply was called without receiving a matching request 524
2026-09-14 04:37:00.770 [warning] RequestStore#acceptReply was called without receiving a matching request 525
2026-09-14 04:37:00.831 [warning] UtilityProcess: ignoring environment variable with an invalid name: '=::'
2026-09-14 04:37:00.832 [warning] UtilityProcess: ignoring environment variable with an invalid name: '=C:'
2026-09-14 04:37:00.832 [warning] UtilityProcess: ignoring environment variable with an invalid name: 'CommonProgramFiles(x86)'
2026-09-14 04:37:00.832 [warning] UtilityProcess: ignoring environment variable with an invalid name: 'ProgramFiles(x86)'
2026-09-14 04:37:02.645 [warning] UtilityProcess: ignoring environment variable with an invalid name: 'CommonProgramFiles(x86)'
2026-09-14 04:37:02.645 [warning] UtilityProcess: ignoring environment variable with an invalid name: 'ProgramFiles(x86)'
2026-09-14 04:40:04.254 [info] Extension host with pid 14196 exited with code: 0, signal: unknown.
2026-09-14 04:43:00.574 [warning] RequestStore#acceptReply was called without receiving a matching request 526
2026-09-14 04:43:00.574 [warning] RequestStore#acceptReply was called without receiving a matching request 527
2026-09-14 04:43:00.575 [warning] RequestStore#acceptReply was called without receiving a matching request 528
2026-09-14 04:43:00.575 [warning] RequestStore#acceptReply was called without receiving a matching request 529
2026-09-14 04:43:00.575 [warning] RequestStore#acceptReply was called without receiving a matching request 530
2026-09-14 04:43:00.575 [warning] RequestStore#acceptReply was called without receiving a matching request 531
2026-09-14 04:43:00.575 [warning] RequestStore#acceptReply was called without receiving a matching request 532
2026-09-14 04:43:00.766 [warning] UtilityProcess: ignoring environment variable with an invalid name: '=::'
2026-09-14 04:43:00.766 [warning] UtilityProcess: ignoring environment variable with an invalid name: '=C:'
2026-09-14 04:43:00.766 [warning] UtilityProcess: ignoring environment variable with an invalid name: 'CommonProgramFiles(x86)'
2026-09-14 04:43:00.766 [warning] UtilityProcess: ignoring environment variable with an invalid name: 'ProgramFiles(x86)'
2026-09-14 04:43:02.647 [warning] UtilityProcess: ignoring environment variable with an invalid name: 'CommonProgramFiles(x86)'
2026-09-14 04:43:02.648 [warning] UtilityProcess: ignoring environment variable with an invalid name: 'ProgramFiles(x86)'
2026-09-14 04:45:02.121 [info] Extension host with pid 24216 exited with code: 0, signal: unknown.
2026-09-14 04:48:00.322 [warning] RequestStore#acceptReply was called without receiving a matching request 533
2026-09-14 04:48:00.323 [warning] RequestStore#acceptReply was called without receiving a matching request 534
2026-09-14 04:48:00.323 [warning] RequestStore#acceptReply was called without receiving a matching request 535
2026-09-14 04:48:00.323 [warning] RequestStore#acceptReply was called without receiving a matching request 536
2026-09-14 04:48:00.334 [warning] RequestStore#acceptReply was called without receiving a matching request 537
2026-09-14 04:48:00.334 [warning] RequestStore#acceptReply was called without receiving a matching request 538
2026-09-14 04:48:00.334 [warning] RequestStore#acceptReply was called without receiving a matching request 539
2026-09-14 04:48:01.081 [warning] UtilityProcess: ignoring environment variable with an invalid name: '=::'
2026-09-14 04:48:01.081 [warning] UtilityProcess: ignoring environment variable with an invalid name: '=C:'
2026-09-14 04:48:01.082 [warning] UtilityProcess: ignoring environment variable with an invalid name: 'CommonProgramFiles(x86)'
2026-09-14 04:48:01.082 [warning] UtilityProcess: ignoring environment variable with an invalid name: 'ProgramFiles(x86)'
2026-09-14 04:48:02.645 [warning] UtilityProcess: ignoring environment variable with an invalid name: 'CommonProgramFiles(x86)'
2026-09-14 04:48:02.646 [warning] UtilityProcess: ignoring environment variable with an invalid name: 'ProgramFiles(x86)'
2026-09-14 04:51:34.189 [info] Extension host with pid 24268 exited with code: 0, signal: unknown.
2026-09-14 04:54:00.574 [warning] RequestStore#acceptReply was called without receiving a matching request 540
2026-09-14 04:54:00.574 [warning] RequestStore#acceptReply was called without receiving a matching request 541
2026-09-14 04:54:00.575 [warning] RequestStore#acceptReply was called without receiving a matching request 542
2026-09-14 04:54:00.575 [warning] RequestStore#acceptReply was called without receiving a matching request 543
2026-09-14 04:54:00.576 [warning] RequestStore#acceptReply was called without receiving a matching request 544
2026-09-14 04:54:00.576 [warning] RequestStore#acceptReply was called without receiving a matching request 545
2026-09-14 04:54:00.576 [warning] RequestStore#acceptReply was called without receiving a matching request 546
2026-09-14 04:54:00.668 [warning] UtilityProcess: ignoring environment variable with an invalid name: '=::'
2026-09-14 04:54:00.668 [warning] UtilityProcess: ignoring environment variable with an invalid name: '=C:'
2026-09-14 04:54:00.668 [warning] UtilityProcess: ignoring environment variable with an invalid name: 'CommonProgramFiles(x86)'
2026-09-14 04:54:00.668 [warning] UtilityProcess: ignoring environment variable with an invalid name: 'ProgramFiles(x86)'
2026-09-14 04:54:02.637 [warning] UtilityProcess: ignoring environment variable with an invalid name: 'CommonProgramFiles(x86)'
2026-09-14 04:54:02.637 [warning] UtilityProcess: ignoring environment variable with an invalid name: 'ProgramFiles(x86)'
2026-09-14 04:58:01.132 [info] Extension host with pid 24116 exited with code: 0, signal: unknown.
2026-09-14 04:58:10.475 [info] update#setState checking for updates
2026-09-14 04:58:10.658 [info] update#setState idle
2026-09-14 04:59:00.423 [warning] UtilityProcess: ignoring environment variable with an invalid name: '=::'
2026-09-14 04:59:00.423 [warning] UtilityProcess: ignoring environment variable with an invalid name: '=C:'
2026-09-14 04:59:00.423 [warning] UtilityProcess: ignoring environment variable with an invalid name: 'CommonProgramFiles(x86)'
2026-09-14 04:59:00.423 [warning] UtilityProcess: ignoring environment variable with an invalid name: 'ProgramFiles(x86)'
2026-09-14 04:59:00.424 [warning] RequestStore#acceptReply was called without receiving a matching request 547
2026-09-14 04:59:00.424 [warning] RequestStore#acceptReply was called without receiving a matching request 548
2026-09-14 04:59:00.424 [warning] RequestStore#acceptReply was called without receiving a matching request 549
2026-09-14 04:59:00.424 [warning] RequestStore#acceptReply was called without receiving a matching request 550
2026-09-14 04:59:00.424 [warning] RequestStore#acceptReply was called without receiving a matching request 551
2026-09-14 04:59:00.425 [warning] RequestStore#acceptReply was called without receiving a matching request 552
2026-09-14 04:59:00.425 [warning] RequestStore#acceptReply was called without receiving a matching request 553
2026-09-14 04:59:02.636 [warning] UtilityProcess: ignoring environment variable with an invalid name: 'CommonProgramFiles(x86)'
2026-09-14 04:59:02.636 [warning] UtilityProcess: ignoring environment variable with an invalid name: 'ProgramFiles(x86)'
2026-09-14 05:02:45.194 [info] Extension host with pid 2612 exited with code: 0, signal: unknown.
2026-09-14 05:03:08.637 [info] [WorktreeCleanupMainService] Granted cleanup lease id=2 owner=window:2 reason="scheduled-worktree-cleanup"
2026-09-14 05:03:08.638 [info] [WorktreeCleanupMainService] Rejecting cleanup lease for owner=window:1 reason="scheduled-worktree-cleanup" because owner=window:2 leaseId=2 is active
2026-09-14 05:03:08.641 [info] [WorktreeCleanupMainService] Releasing cleanup lease id=2 owner=window:2 reason="scheduled-worktree-cleanup" releaseReason="released" heldForMs=3
2026-09-14 05:03:09.636 [info] [WorktreeCleanupMainService] Granted cleanup lease id=3 owner=window:2 reason="scheduled-worktree-cleanup"
2026-09-14 05:03:09.639 [info] [WorktreeCleanupMainService] Releasing cleanup lease id=3 owner=window:2 reason="scheduled-worktree-cleanup" releaseReason="released" heldForMs=3
2026-09-14 05:04:01.097 [warning] RequestStore#acceptReply was called without receiving a matching request 554
2026-09-14 05:04:01.098 [warning] RequestStore#acceptReply was called without receiving a matching request 555
2026-09-14 05:04:01.098 [warning] RequestStore#acceptReply was called without receiving a matching request 556
2026-09-14 05:04:01.098 [warning] RequestStore#acceptReply was called without receiving a matching request 557
2026-09-14 05:04:01.098 [warning] RequestStore#acceptReply was called without receiving a matching request 558
2026-09-14 05:04:01.099 [warning] RequestStore#acceptReply was called without receiving a matching request 559
2026-09-14 05:04:01.100 [warning] RequestStore#acceptReply was called without receiving a matching request 560
2026-09-14 05:04:01.164 [warning] UtilityProcess: ignoring environment variable with an invalid name: '=::'
2026-09-14 05:04:01.164 [warning] UtilityProcess: ignoring environment variable with an invalid name: '=C:'
2026-09-14 05:04:01.164 [warning] UtilityProcess: ignoring environment variable with an invalid name: 'CommonProgramFiles(x86)'
2026-09-14 05:04:01.164 [warning] UtilityProcess: ignoring environment variable with an invalid name: 'ProgramFiles(x86)'
2026-09-14 05:04:02.635 [warning] UtilityProcess: ignoring environment variable with an invalid name: 'CommonProgramFiles(x86)'
2026-09-14 05:04:02.635 [warning] UtilityProcess: ignoring environment variable with an invalid name: 'ProgramFiles(x86)'
2026-09-14 05:07:03.181 [info] Extension host with pid 11456 exited with code: 0, signal: unknown.
2026-09-14 05:10:00.730 [warning] RequestStore#acceptReply was called without receiving a matching request 561
2026-09-14 05:10:00.730 [warning] RequestStore#acceptReply was called without receiving a matching request 562
2026-09-14 05:10:00.731 [warning] RequestStore#acceptReply was called without receiving a matching request 563
2026-09-14 05:10:00.731 [warning] RequestStore#acceptReply was called without receiving a matching request 564
2026-09-14 05:10:00.732 [warning] RequestStore#acceptReply was called without receiving a matching request 565
2026-09-14 05:10:00.774 [warning] RequestStore#acceptReply was called without receiving a matching request 566
2026-09-14 05:10:00.775 [warning] RequestStore#acceptReply was called without receiving a matching request 567
2026-09-14 05:10:00.814 [warning] UtilityProcess: ignoring environment variable with an invalid name: '=::'
2026-09-14 05:10:00.814 [warning] UtilityProcess: ignoring environment variable with an invalid name: '=C:'
2026-09-14 05:10:00.814 [warning] UtilityProcess: ignoring environment variable with an invalid name: 'CommonProgramFiles(x86)'
2026-09-14 05:10:00.814 [warning] UtilityProcess: ignoring environment variable with an invalid name: 'ProgramFiles(x86)'
2026-09-14 05:10:02.641 [warning] UtilityProcess: ignoring environment variable with an invalid name: 'CommonProgramFiles(x86)'
2026-09-14 05:10:02.641 [warning] UtilityProcess: ignoring environment variable with an invalid name: 'ProgramFiles(x86)'
2026-09-14 05:13:32.287 [info] Extension host with pid 24328 exited with code: 0, signal: unknown.
2026-09-14 05:15:01.019 [warning] RequestStore#acceptReply was called without receiving a matching request 568
2026-09-14 05:15:01.020 [warning] RequestStore#acceptReply was called without receiving a matching request 569
2026-09-14 05:15:01.020 [warning] RequestStore#acceptReply was called without receiving a matching request 570
2026-09-14 05:15:01.021 [warning] RequestStore#acceptReply was called without receiving a matching request 571
2026-09-14 05:15:01.021 [warning] RequestStore#acceptReply was called without receiving a matching request 572
2026-09-14 05:15:01.021 [warning] RequestStore#acceptReply was called without receiving a matching request 573
2026-09-14 05:15:01.021 [warning] RequestStore#acceptReply was called without receiving a matching request 574
2026-09-14 05:15:01.090 [warning] UtilityProcess: ignoring environment variable with an invalid name: '=::'
2026-09-14 05:15:01.090 [warning] UtilityProcess: ignoring environment variable with an invalid name: '=C:'
2026-09-14 05:15:01.090 [warning] UtilityProcess: ignoring environment variable with an invalid name: 'CommonProgramFiles(x86)'
2026-09-14 05:15:01.090 [warning] UtilityProcess: ignoring environment variable with an invalid name: 'ProgramFiles(x86)'
2026-09-14 05:15:02.641 [warning] UtilityProcess: ignoring environment variable with an invalid name: 'CommonProgramFiles(x86)'
2026-09-14 05:15:02.641 [warning] UtilityProcess: ignoring environment variable with an invalid name: 'ProgramFiles(x86)'
2026-09-14 05:19:00.147 [info] Extension host with pid 17232 exited with code: 0, signal: unknown.
2026-09-14 05:20:00.408 [warning] UtilityProcess: ignoring environment variable with an invalid name: '=::'
2026-09-14 05:20:00.408 [warning] UtilityProcess: ignoring environment variable with an invalid name: '=C:'
2026-09-14 05:20:00.408 [warning] UtilityProcess: ignoring environment variable with an invalid name: 'CommonProgramFiles(x86)'
2026-09-14 05:20:00.408 [warning] UtilityProcess: ignoring environment variable with an invalid name: 'ProgramFiles(x86)'
2026-09-14 05:20:00.413 [warning] RequestStore#acceptReply was called without receiving a matching request 575
2026-09-14 05:20:00.414 [warning] RequestStore#acceptReply was called without receiving a matching request 576
2026-09-14 05:20:00.414 [warning] RequestStore#acceptReply was called without receiving a matching request 577
2026-09-14 05:20:00.414 [warning] RequestStore#acceptReply was called without receiving a matching request 578
2026-09-14 05:20:00.414 [warning] RequestStore#acceptReply was called without receiving a matching request 579
2026-09-14 05:20:00.415 [warning] RequestStore#acceptReply was called without receiving a matching request 580
2026-09-14 05:20:00.415 [warning] RequestStore#acceptReply was called without receiving a matching request 581
2026-09-14 05:20:02.638 [warning] UtilityProcess: ignoring environment variable with an invalid name: 'CommonProgramFiles(x86)'
2026-09-14 05:20:02.638 [warning] UtilityProcess: ignoring environment variable with an invalid name: 'ProgramFiles(x86)'
2026-09-14 05:24:06.186 [info] Extension host with pid 19056 exited with code: 0, signal: unknown.
2026-09-14 05:26:00.435 [warning] RequestStore#acceptReply was called without receiving a matching request 582
2026-09-14 05:26:00.436 [warning] RequestStore#acceptReply was called without receiving a matching request 583
2026-09-14 05:26:00.436 [warning] RequestStore#acceptReply was called without receiving a matching request 584
2026-09-14 05:26:00.436 [warning] RequestStore#acceptReply was called without receiving a matching request 585
2026-09-14 05:26:00.437 [warning] RequestStore#acceptReply was called without receiving a matching request 586
2026-09-14 05:26:00.437 [warning] RequestStore#acceptReply was called without receiving a matching request 587
2026-09-14 05:26:00.438 [warning] RequestStore#acceptReply was called without receiving a matching request 588
2026-09-14 05:26:00.522 [warning] UtilityProcess: ignoring environment variable with an invalid name: '=::'
2026-09-14 05:26:00.522 [warning] UtilityProcess: ignoring environment variable with an invalid name: '=C:'
2026-09-14 05:26:00.522 [warning] UtilityProcess: ignoring environment variable with an invalid name: 'CommonProgramFiles(x86)'
2026-09-14 05:26:00.522 [warning] UtilityProcess: ignoring environment variable with an invalid name: 'ProgramFiles(x86)'
2026-09-14 05:26:02.636 [warning] UtilityProcess: ignoring environment variable with an invalid name: 'CommonProgramFiles(x86)'
2026-09-14 05:26:02.636 [warning] UtilityProcess: ignoring environment variable with an invalid name: 'ProgramFiles(x86)'
2026-09-14 05:30:05.255 [info] Extension host with pid 21120 exited with code: 0, signal: unknown.
2026-09-14 05:31:00.449 [warning] RequestStore#acceptReply was called without receiving a matching request 589
2026-09-14 05:31:00.449 [warning] RequestStore#acceptReply was called without receiving a matching request 590
2026-09-14 05:31:00.450 [warning] RequestStore#acceptReply was called without receiving a matching request 591
2026-09-14 05:31:00.450 [warning] RequestStore#acceptReply was called without receiving a matching request 592
2026-09-14 05:31:00.450 [warning] RequestStore#acceptReply was called without receiving a matching request 593
2026-09-14 05:31:00.451 [warning] RequestStore#acceptReply was called without receiving a matching request 594
2026-09-14 05:31:00.451 [warning] RequestStore#acceptReply was called without receiving a matching request 595
2026-09-14 05:31:00.522 [warning] UtilityProcess: ignoring environment variable with an invalid name: '=::'
2026-09-14 05:31:00.522 [warning] UtilityProcess: ignoring environment variable with an invalid name: '=C:'
2026-09-14 05:31:00.522 [warning] UtilityProcess: ignoring environment variable with an invalid name: 'CommonProgramFiles(x86)'
2026-09-14 05:31:00.522 [warning] UtilityProcess: ignoring environment variable with an invalid name: 'ProgramFiles(x86)'
2026-09-14 05:31:02.636 [warning] UtilityProcess: ignoring environment variable with an invalid name: 'CommonProgramFiles(x86)'
2026-09-14 05:31:02.636 [warning] UtilityProcess: ignoring environment variable with an invalid name: 'ProgramFiles(x86)'
2026-09-14 05:33:30.456 [info] Extension host with pid 16352 exited with code: 0, signal: unknown.
2026-09-14 05:37:00.286 [warning] RequestStore#acceptReply was called without receiving a matching request 596
2026-09-14 05:37:00.286 [warning] RequestStore#acceptReply was called without receiving a matching request 597
2026-09-14 05:37:00.287 [warning] RequestStore#acceptReply was called without receiving a matching request 598
2026-09-14 05:37:00.287 [warning] RequestStore#acceptReply was called without receiving a matching request 599
2026-09-14 05:37:00.287 [warning] RequestStore#acceptReply was called without receiving a matching request 600
2026-09-14 05:37:00.288 [warning] RequestStore#acceptReply was called without receiving a matching request 601
2026-09-14 05:37:00.298 [warning] RequestStore#acceptReply was called without receiving a matching request 602
2026-09-14 05:37:01.053 [warning] UtilityProcess: ignoring environment variable with an invalid name: '=::'
2026-09-14 05:37:01.053 [warning] UtilityProcess: ignoring environment variable with an invalid name: '=C:'
2026-09-14 05:37:01.054 [warning] UtilityProcess: ignoring environment variable with an invalid name: 'CommonProgramFiles(x86)'
2026-09-14 05:37:01.054 [warning] UtilityProcess: ignoring environment variable with an invalid name: 'ProgramFiles(x86)'
2026-09-14 05:37:02.638 [warning] UtilityProcess: ignoring environment variable with an invalid name: 'CommonProgramFiles(x86)'
2026-09-14 05:37:02.638 [warning] UtilityProcess: ignoring environment variable with an invalid name: 'ProgramFiles(x86)'
2026-09-14 05:41:00.179 [info] Extension host with pid 26180 exited with code: 0, signal: unknown.
2026-09-14 05:42:00.478 [warning] RequestStore#acceptReply was called without receiving a matching request 603
2026-09-14 05:42:00.478 [warning] RequestStore#acceptReply was called without receiving a matching request 604
2026-09-14 05:42:00.479 [warning] RequestStore#acceptReply was called without receiving a matching request 605
2026-09-14 05:42:00.479 [warning] RequestStore#acceptReply was called without receiving a matching request 606
2026-09-14 05:42:00.479 [warning] RequestStore#acceptReply was called without receiving a matching request 607
2026-09-14 05:42:00.479 [warning] RequestStore#acceptReply was called without receiving a matching request 608
2026-09-14 05:42:00.479 [warning] RequestStore#acceptReply was called without receiving a matching request 609
2026-09-14 05:42:00.495 [warning] UtilityProcess: ignoring environment variable with an invalid name: '=::'
2026-09-14 05:42:00.495 [warning] UtilityProcess: ignoring environment variable with an invalid name: '=C:'
2026-09-14 05:42:00.495 [warning] UtilityProcess: ignoring environment variable with an invalid name: 'CommonProgramFiles(x86)'
2026-09-14 05:42:00.495 [warning] UtilityProcess: ignoring environment variable with an invalid name: 'ProgramFiles(x86)'
2026-09-14 05:42:02.635 [warning] UtilityProcess: ignoring environment variable with an invalid name: 'CommonProgramFiles(x86)'
2026-09-14 05:42:02.635 [warning] UtilityProcess: ignoring environment variable with an invalid name: 'ProgramFiles(x86)'
2026-09-14 05:46:00.896 [info] Extension host with pid 17176 exited with code: 0, signal: unknown.
2026-09-14 05:48:00.365 [warning] RequestStore#acceptReply was called without receiving a matching request 610
2026-09-14 05:48:00.366 [warning] RequestStore#acceptReply was called without receiving a matching request 611
2026-09-14 05:48:00.366 [warning] RequestStore#acceptReply was called without receiving a matching request 612
2026-09-14 05:48:00.367 [warning] RequestStore#acceptReply was called without receiving a matching request 613
2026-09-14 05:48:00.367 [warning] RequestStore#acceptReply was called without receiving a matching request 614
2026-09-14 05:48:00.367 [warning] RequestStore#acceptReply was called without receiving a matching request 615
2026-09-14 05:48:00.367 [warning] RequestStore#acceptReply was called without receiving a matching request 616
2026-09-14 05:48:00.425 [warning] UtilityProcess: ignoring environment variable with an invalid name: '=::'
2026-09-14 05:48:00.425 [warning] UtilityProcess: ignoring environment variable with an invalid name: '=C:'
2026-09-14 05:48:00.425 [warning] UtilityProcess: ignoring environment variable with an invalid name: 'CommonProgramFiles(x86)'
2026-09-14 05:48:00.425 [warning] UtilityProcess: ignoring environment variable with an invalid name: 'ProgramFiles(x86)'
2026-09-14 05:48:02.638 [warning] UtilityProcess: ignoring environment variable with an invalid name: 'CommonProgramFiles(x86)'
2026-09-14 05:48:02.638 [warning] UtilityProcess: ignoring environment variable with an invalid name: 'ProgramFiles(x86)'
2026-09-14 05:51:33.221 [info] Extension host with pid 11016 exited with code: 0, signal: unknown.
2026-09-14 05:54:00.335 [warning] RequestStore#acceptReply was called without receiving a matching request 617
2026-09-14 05:54:00.336 [warning] RequestStore#acceptReply was called without receiving a matching request 618
2026-09-14 05:54:00.336 [warning] RequestStore#acceptReply was called without receiving a matching request 619
2026-09-14 05:54:00.336 [warning] RequestStore#acceptReply was called without receiving a matching request 620
2026-09-14 05:54:00.337 [warning] RequestStore#acceptReply was called without receiving a matching request 621
2026-09-14 05:54:00.337 [warning] RequestStore#acceptReply was called without receiving a matching request 622
2026-09-14 05:54:00.338 [warning] RequestStore#acceptReply was called without receiving a matching request 623
2026-09-14 05:54:01.102 [warning] UtilityProcess: ignoring environment variable with an invalid name: '=::'
2026-09-14 05:54:01.102 [warning] UtilityProcess: ignoring environment variable with an invalid name: '=C:'
2026-09-14 05:54:01.102 [warning] UtilityProcess: ignoring environment variable with an invalid name: 'CommonProgramFiles(x86)'
2026-09-14 05:54:01.102 [warning] UtilityProcess: ignoring environment variable with an invalid name: 'ProgramFiles(x86)'
2026-09-14 05:54:02.609 [info] update#setState checking for updates
2026-09-14 05:54:02.649 [warning] UtilityProcess: ignoring environment variable with an invalid name: 'CommonProgramFiles(x86)'
2026-09-14 05:54:02.649 [warning] UtilityProcess: ignoring environment variable with an invalid name: 'ProgramFiles(x86)'
2026-09-14 05:54:02.678 [info] update#setState idle
2026-09-14 05:58:40.232 [info] Extension host with pid 20940 exited with code: 0, signal: unknown.
2026-09-14 06:00:00.474 [warning] RequestStore#acceptReply was called without receiving a matching request 624
2026-09-14 06:00:00.495 [warning] RequestStore#acceptReply was called without receiving a matching request 625
2026-09-14 06:00:00.496 [warning] RequestStore#acceptReply was called without receiving a matching request 626
2026-09-14 06:00:00.496 [warning] RequestStore#acceptReply was called without receiving a matching request 627
2026-09-14 06:00:00.496 [warning] RequestStore#acceptReply was called without receiving a matching request 628
2026-09-14 06:00:00.497 [warning] RequestStore#acceptReply was called without receiving a matching request 629
2026-09-14 06:00:00.497 [warning] RequestStore#acceptReply was called without receiving a matching request 630
2026-09-14 06:00:00.510 [warning] UtilityProcess: ignoring environment variable with an invalid name: '=::'
2026-09-14 06:00:00.511 [warning] UtilityProcess: ignoring environment variable with an invalid name: '=C:'
2026-09-14 06:00:00.511 [warning] UtilityProcess: ignoring environment variable with an invalid name: 'CommonProgramFiles(x86)'
2026-09-14 06:00:00.511 [warning] UtilityProcess: ignoring environment variable with an invalid name: 'ProgramFiles(x86)'
2026-09-14 06:00:02.638 [warning] UtilityProcess: ignoring environment variable with an invalid name: 'CommonProgramFiles(x86)'
2026-09-14 06:00:02.638 [warning] UtilityProcess: ignoring environment variable with an invalid name: 'ProgramFiles(x86)'
2026-09-14 06:05:02.165 [info] Extension host with pid 18248 exited with code: 0, signal: unknown.
2026-09-14 06:08:13.882 [warning] RequestStore#acceptReply was called without receiving a matching request 631
2026-09-14 06:08:13.882 [warning] RequestStore#acceptReply was called without receiving a matching request 632
2026-09-14 06:08:13.883 [warning] RequestStore#acceptReply was called without receiving a matching request 633
2026-09-14 06:08:13.883 [warning] RequestStore#acceptReply was called without receiving a matching request 634
2026-09-14 06:08:13.883 [warning] RequestStore#acceptReply was called without receiving a matching request 635
2026-09-14 06:08:13.883 [warning] RequestStore#acceptReply was called without receiving a matching request 636
2026-09-14 06:08:13.884 [warning] RequestStore#acceptReply was called without receiving a matching request 637
2026-09-14 06:08:13.939 [warning] UtilityProcess: ignoring environment variable with an invalid name: '=::'
2026-09-14 06:08:13.939 [warning] UtilityProcess: ignoring environment variable with an invalid name: '=C:'
2026-09-14 06:08:13.939 [warning] UtilityProcess: ignoring environment variable with an invalid name: 'CommonProgramFiles(x86)'
2026-09-14 06:08:13.939 [warning] UtilityProcess: ignoring environment variable with an invalid name: 'ProgramFiles(x86)'
2026-09-14 06:08:16.641 [warning] UtilityProcess: ignoring environment variable with an invalid name: 'CommonProgramFiles(x86)'
2026-09-14 06:08:16.642 [warning] UtilityProcess: ignoring environment variable with an invalid name: 'ProgramFiles(x86)'
2026-09-14 06:10:01.422 [info] Extension host with pid 4860 exited with code: 0, signal: unknown.
2026-09-14 06:16:00.355 [warning] RequestStore#acceptReply was called without receiving a matching request 638
2026-09-14 06:16:00.356 [warning] RequestStore#acceptReply was called without receiving a matching request 639
2026-09-14 06:16:00.356 [warning] RequestStore#acceptReply was called without receiving a matching request 640
2026-09-14 06:16:00.357 [warning] RequestStore#acceptReply was called without receiving a matching request 641
2026-09-14 06:16:00.357 [warning] RequestStore#acceptReply was called without receiving a matching request 642
2026-09-14 06:16:00.357 [warning] RequestStore#acceptReply was called without receiving a matching request 643
2026-09-14 06:16:00.357 [warning] RequestStore#acceptReply was called without receiving a matching request 644
2026-09-14 06:16:00.411 [warning] UtilityProcess: ignoring environment variable with an invalid name: '=::'
2026-09-14 06:16:00.411 [warning] UtilityProcess: ignoring environment variable with an invalid name: '=C:'
2026-09-14 06:16:00.411 [warning] UtilityProcess: ignoring environment variable with an invalid name: 'CommonProgramFiles(x86)'
2026-09-14 06:16:00.411 [warning] UtilityProcess: ignoring environment variable with an invalid name: 'ProgramFiles(x86)'
2026-09-14 06:16:02.632 [warning] UtilityProcess: ignoring environment variable with an invalid name: 'CommonProgramFiles(x86)'
2026-09-14 06:16:02.632 [warning] UtilityProcess: ignoring environment variable with an invalid name: 'ProgramFiles(x86)'
2026-09-14 06:20:05.290 [info] Extension host with pid 26768 exited with code: 0, signal: unknown.
2026-09-14 06:21:00.493 [warning] RequestStore#acceptReply was called without receiving a matching request 645
2026-09-14 06:21:00.494 [warning] RequestStore#acceptReply was called without receiving a matching request 646
2026-09-14 06:21:00.494 [warning] RequestStore#acceptReply was called without receiving a matching request 647
2026-09-14 06:21:00.494 [warning] RequestStore#acceptReply was called without receiving a matching request 648
2026-09-14 06:21:00.494 [warning] RequestStore#acceptReply was called without receiving a matching request 649
2026-09-14 06:21:00.494 [warning] RequestStore#acceptReply was called without receiving a matching request 650
2026-09-14 06:21:00.495 [warning] RequestStore#acceptReply was called without receiving a matching request 651
2026-09-14 06:21:00.498 [warning] UtilityProcess: ignoring environment variable with an invalid name: '=::'
2026-09-14 06:21:00.498 [warning] UtilityProcess: ignoring environment variable with an invalid name: '=C:'
2026-09-14 06:21:00.498 [warning] UtilityProcess: ignoring environment variable with an invalid name: 'CommonProgramFiles(x86)'
2026-09-14 06:21:00.498 [warning] UtilityProcess: ignoring environment variable with an invalid name: 'ProgramFiles(x86)'
2026-09-14 06:21:02.640 [warning] UtilityProcess: ignoring environment variable with an invalid name: 'CommonProgramFiles(x86)'
2026-09-14 06:21:02.640 [warning] UtilityProcess: ignoring environment variable with an invalid name: 'ProgramFiles(x86)'
2026-09-14 06:25:05.289 [info] Extension host with pid 4480 exited with code: 0, signal: unknown.
2026-09-14 06:26:00.367 [warning] RequestStore#acceptReply was called without receiving a matching request 652
2026-09-14 06:26:00.368 [warning] RequestStore#acceptReply was called without receiving a matching request 653
2026-09-14 06:26:00.368 [warning] RequestStore#acceptReply was called without receiving a matching request 654
2026-09-14 06:26:00.368 [warning] RequestStore#acceptReply was called without receiving a matching request 655
2026-09-14 06:26:00.369 [warning] RequestStore#acceptReply was called without receiving a matching request 656
2026-09-14 06:26:00.369 [warning] RequestStore#acceptReply was called without receiving a matching request 657
2026-09-14 06:26:00.370 [warning] RequestStore#acceptReply was called without receiving a matching request 658
2026-09-14 06:26:00.422 [warning] UtilityProcess: ignoring environment variable with an invalid name: '=::'
2026-09-14 06:26:00.422 [warning] UtilityProcess: ignoring environment variable with an invalid name: '=C:'
2026-09-14 06:26:00.422 [warning] UtilityProcess: ignoring environment variable with an invalid name: 'CommonProgramFiles(x86)'
2026-09-14 06:26:00.422 [warning] UtilityProcess: ignoring environment variable with an invalid name: 'ProgramFiles(x86)'
2026-09-14 06:26:02.636 [warning] UtilityProcess: ignoring environment variable with an invalid name: 'CommonProgramFiles(x86)'
2026-09-14 06:26:02.636 [warning] UtilityProcess: ignoring environment variable with an invalid name: 'ProgramFiles(x86)'
2026-09-14 06:28:16.668 [info] Extension host with pid 25968 exited with code: 0, signal: unknown.
2026-09-14 06:32:00.324 [warning] RequestStore#acceptReply was called without receiving a matching request 659
2026-09-14 06:32:00.325 [warning] RequestStore#acceptReply was called without receiving a matching request 660
2026-09-14 06:32:00.326 [warning] RequestStore#acceptReply was called without receiving a matching request 661
2026-09-14 06:32:00.326 [warning] RequestStore#acceptReply was called without receiving a matching request 662
2026-09-14 06:32:00.326 [warning] RequestStore#acceptReply was called without receiving a matching request 663
2026-09-14 06:32:00.327 [warning] RequestStore#acceptReply was called without receiving a matching request 664
2026-09-14 06:32:00.327 [warning] RequestStore#acceptReply was called without receiving a matching request 665
2026-09-14 06:32:00.381 [warning] UtilityProcess: ignoring environment variable with an invalid name: '=::'
2026-09-14 06:32:00.381 [warning] UtilityProcess: ignoring environment variable with an invalid name: '=C:'
2026-09-14 06:32:00.381 [warning] UtilityProcess: ignoring environment variable with an invalid name: 'CommonProgramFiles(x86)'
2026-09-14 06:32:00.381 [warning] UtilityProcess: ignoring environment variable with an invalid name: 'ProgramFiles(x86)'
2026-09-14 06:32:02.635 [warning] UtilityProcess: ignoring environment variable with an invalid name: 'CommonProgramFiles(x86)'
2026-09-14 06:32:02.635 [warning] UtilityProcess: ignoring environment variable with an invalid name: 'ProgramFiles(x86)'
2026-09-14 06:36:04.199 [info] Extension host with pid 5988 exited with code: 0, signal: unknown.
2026-09-14 06:37:00.326 [warning] RequestStore#acceptReply was called without receiving a matching request 666
2026-09-14 06:37:00.326 [warning] RequestStore#acceptReply was called without receiving a matching request 667
2026-09-14 06:37:00.326 [warning] RequestStore#acceptReply was called without receiving a matching request 668
2026-09-14 06:37:00.327 [warning] RequestStore#acceptReply was called without receiving a matching request 669
2026-09-14 06:37:00.327 [warning] RequestStore#acceptReply was called without receiving a matching request 670
2026-09-14 06:37:00.327 [warning] RequestStore#acceptReply was called without receiving a matching request 671
2026-09-14 06:37:00.328 [warning] RequestStore#acceptReply was called without receiving a matching request 672
2026-09-14 06:37:00.392 [warning] UtilityProcess: ignoring environment variable with an invalid name: '=::'
2026-09-14 06:37:00.392 [warning] UtilityProcess: ignoring environment variable with an invalid name: '=C:'
2026-09-14 06:37:00.392 [warning] UtilityProcess: ignoring environment variable with an invalid name: 'CommonProgramFiles(x86)'
2026-09-14 06:37:00.392 [warning] UtilityProcess: ignoring environment variable with an invalid name: 'ProgramFiles(x86)'
2026-09-14 06:37:02.645 [warning] UtilityProcess: ignoring environment variable with an invalid name: 'CommonProgramFiles(x86)'
2026-09-14 06:37:02.645 [warning] UtilityProcess: ignoring environment variable with an invalid name: 'ProgramFiles(x86)'
2026-09-14 06:41:22.255 [info] Extension host with pid 24716 exited with code: 0, signal: unknown.
2026-09-14 06:43:00.340 [warning] RequestStore#acceptReply was called without receiving a matching request 673
2026-09-14 06:43:00.340 [warning] RequestStore#acceptReply was called without receiving a matching request 674
2026-09-14 06:43:00.340 [warning] RequestStore#acceptReply was called without receiving a matching request 675
2026-09-14 06:43:00.340 [warning] RequestStore#acceptReply was called without receiving a matching request 676
2026-09-14 06:43:00.341 [warning] RequestStore#acceptReply was called without receiving a matching request 677
2026-09-14 06:43:00.341 [warning] RequestStore#acceptReply was called without receiving a matching request 678
2026-09-14 06:43:00.342 [warning] RequestStore#acceptReply was called without receiving a matching request 679
2026-09-14 06:43:00.401 [warning] UtilityProcess: ignoring environment variable with an invalid name: '=::'
2026-09-14 06:43:00.401 [warning] UtilityProcess: ignoring environment variable with an invalid name: '=C:'
2026-09-14 06:43:00.401 [warning] UtilityProcess: ignoring environment variable with an invalid name: 'CommonProgramFiles(x86)'
2026-09-14 06:43:00.401 [warning] UtilityProcess: ignoring environment variable with an invalid name: 'ProgramFiles(x86)'
2026-09-14 06:43:02.637 [warning] UtilityProcess: ignoring environment variable with an invalid name: 'CommonProgramFiles(x86)'
2026-09-14 06:43:02.637 [warning] UtilityProcess: ignoring environment variable with an invalid name: 'ProgramFiles(x86)'
2026-09-14 06:46:28.218 [info] Extension host with pid 24900 exited with code: 0, signal: unknown.
2026-09-14 06:48:00.294 [warning] RequestStore#acceptReply was called without receiving a matching request 680
2026-09-14 06:48:00.295 [warning] RequestStore#acceptReply was called without receiving a matching request 681
2026-09-14 06:48:00.295 [warning] RequestStore#acceptReply was called without receiving a matching request 682
2026-09-14 06:48:00.296 [warning] RequestStore#acceptReply was called without receiving a matching request 683
2026-09-14 06:48:00.296 [warning] RequestStore#acceptReply was called without receiving a matching request 684
2026-09-14 06:48:00.296 [warning] RequestStore#acceptReply was called without receiving a matching request 685
2026-09-14 06:48:00.297 [warning] RequestStore#acceptReply was called without receiving a matching request 686
2026-09-14 06:48:00.349 [warning] UtilityProcess: ignoring environment variable with an invalid name: '=::'
2026-09-14 06:48:00.349 [warning] UtilityProcess: ignoring environment variable with an invalid name: '=C:'
2026-09-14 06:48:00.349 [warning] UtilityProcess: ignoring environment variable with an invalid name: 'CommonProgramFiles(x86)'
2026-09-14 06:48:00.349 [warning] UtilityProcess: ignoring environment variable with an invalid name: 'ProgramFiles(x86)'
2026-09-14 06:48:02.632 [warning] UtilityProcess: ignoring environment variable with an invalid name: 'CommonProgramFiles(x86)'
2026-09-14 06:48:02.632 [warning] UtilityProcess: ignoring environment variable with an invalid name: 'ProgramFiles(x86)'
2026-09-14 06:52:33.268 [info] Extension host with pid 16472 exited with code: 0, signal: unknown.
2026-09-14 06:53:00.332 [warning] RequestStore#acceptReply was called without receiving a matching request 687
2026-09-14 06:53:00.367 [warning] RequestStore#acceptReply was called without receiving a matching request 688
2026-09-14 06:53:00.367 [warning] RequestStore#acceptReply was called without receiving a matching request 689
2026-09-14 06:53:00.367 [warning] RequestStore#acceptReply was called without receiving a matching request 690
2026-09-14 06:53:00.368 [warning] RequestStore#acceptReply was called without receiving a matching request 691
2026-09-14 06:53:00.368 [warning] RequestStore#acceptReply was called without receiving a matching request 692
2026-09-14 06:53:00.368 [warning] RequestStore#acceptReply was called without receiving a matching request 693
2026-09-14 06:53:00.386 [warning] UtilityProcess: ignoring environment variable with an invalid name: '=::'
2026-09-14 06:53:00.386 [warning] UtilityProcess: ignoring environment variable with an invalid name: '=C:'
2026-09-14 06:53:00.386 [warning] UtilityProcess: ignoring environment variable with an invalid name: 'CommonProgramFiles(x86)'
2026-09-14 06:53:00.386 [warning] UtilityProcess: ignoring environment variable with an invalid name: 'ProgramFiles(x86)'
2026-09-14 06:53:02.638 [warning] UtilityProcess: ignoring environment variable with an invalid name: 'CommonProgramFiles(x86)'
2026-09-14 06:53:02.638 [warning] UtilityProcess: ignoring environment variable with an invalid name: 'ProgramFiles(x86)'
2026-09-14 06:57:38.280 [info] Extension host with pid 26660 exited with code: 0, signal: unknown.
2026-09-14 06:58:00.348 [warning] RequestStore#acceptReply was called without receiving a matching request 694
2026-09-14 06:58:00.348 [warning] RequestStore#acceptReply was called without receiving a matching request 695
2026-09-14 06:58:00.349 [warning] RequestStore#acceptReply was called without receiving a matching request 696
2026-09-14 06:58:00.349 [warning] RequestStore#acceptReply was called without receiving a matching request 697
2026-09-14 06:58:00.349 [warning] RequestStore#acceptReply was called without receiving a matching request 698
2026-09-14 06:58:00.350 [warning] RequestStore#acceptReply was called without receiving a matching request 699
2026-09-14 06:58:00.351 [warning] RequestStore#acceptReply was called without receiving a matching request 700
2026-09-14 06:58:00.406 [warning] UtilityProcess: ignoring environment variable with an invalid name: '=::'
2026-09-14 06:58:00.406 [warning] UtilityProcess: ignoring environment variable with an invalid name: '=C:'
2026-09-14 06:58:00.406 [warning] UtilityProcess: ignoring environment variable with an invalid name: 'CommonProgramFiles(x86)'
2026-09-14 06:58:00.406 [warning] UtilityProcess: ignoring environment variable with an invalid name: 'ProgramFiles(x86)'
2026-09-14 06:58:02.644 [warning] UtilityProcess: ignoring environment variable with an invalid name: 'CommonProgramFiles(x86)'
2026-09-14 06:58:02.644 [warning] UtilityProcess: ignoring environment variable with an invalid name: 'ProgramFiles(x86)'
2026-09-14 06:58:34.346 [info] update#setState checking for updates
2026-09-14 06:58:34.488 [info] update#setState idle
2026-09-14 07:03:06.278 [info] Extension host with pid 15748 exited with code: 0, signal: unknown.
2026-09-14 07:04:00.433 [warning] UtilityProcess: ignoring environment variable with an invalid name: '=::'
2026-09-14 07:04:00.433 [warning] UtilityProcess: ignoring environment variable with an invalid name: '=C:'
2026-09-14 07:04:00.433 [warning] UtilityProcess: ignoring environment variable with an invalid name: 'CommonProgramFiles(x86)'
2026-09-14 07:04:00.433 [warning] UtilityProcess: ignoring environment variable with an invalid name: 'ProgramFiles(x86)'
2026-09-14 07:04:00.460 [warning] RequestStore#acceptReply was called without receiving a matching request 701
2026-09-14 07:04:00.480 [warning] RequestStore#acceptReply was called without receiving a matching request 702
2026-09-14 07:04:00.480 [warning] RequestStore#acceptReply was called without receiving a matching request 703
2026-09-14 07:04:00.480 [warning] RequestStore#acceptReply was called without receiving a matching request 704
2026-09-14 07:04:00.480 [warning] RequestStore#acceptReply was called without receiving a matching request 705
2026-09-14 07:04:00.481 [warning] RequestStore#acceptReply was called without receiving a matching request 706
2026-09-14 07:04:00.481 [warning] RequestStore#acceptReply was called without receiving a matching request 707
2026-09-14 07:04:02.642 [warning] UtilityProcess: ignoring environment variable with an invalid name: 'CommonProgramFiles(x86)'
2026-09-14 07:04:02.642 [warning] UtilityProcess: ignoring environment variable with an invalid name: 'ProgramFiles(x86)'
2026-09-14 07:12:54.236 [info] Extension host with pid 25204 exited with code: 0, signal: unknown.
2026-09-14 07:14:00.538 [warning] RequestStore#acceptReply was called without receiving a matching request 708
2026-09-14 07:14:00.538 [warning] RequestStore#acceptReply was called without receiving a matching request 709
2026-09-14 07:14:00.538 [warning] RequestStore#acceptReply was called without receiving a matching request 710
2026-09-14 07:14:00.538 [warning] RequestStore#acceptReply was called without receiving a matching request 711
2026-09-14 07:14:00.538 [warning] RequestStore#acceptReply was called without receiving a matching request 712
2026-09-14 07:14:00.538 [warning] RequestStore#acceptReply was called without receiving a matching request 713
2026-09-14 07:14:00.539 [warning] RequestStore#acceptReply was called without receiving a matching request 714
2026-09-14 07:14:00.568 [warning] UtilityProcess: ignoring environment variable with an invalid name: '=::'
2026-09-14 07:14:00.568 [warning] UtilityProcess: ignoring environment variable with an invalid name: '=C:'
2026-09-14 07:14:00.568 [warning] UtilityProcess: ignoring environment variable with an invalid name: 'CommonProgramFiles(x86)'
2026-09-14 07:14:00.568 [warning] UtilityProcess: ignoring environment variable with an invalid name: 'ProgramFiles(x86)'
2026-09-14 07:14:02.682 [warning] UtilityProcess: ignoring environment variable with an invalid name: 'CommonProgramFiles(x86)'
2026-09-14 07:14:02.682 [warning] UtilityProcess: ignoring environment variable with an invalid name: 'ProgramFiles(x86)'
2026-09-14 07:19:01.337 [info] Extension host with pid 26332 exited with code: 0, signal: unknown.
2026-09-14 07:20:00.338 [warning] RequestStore#acceptReply was called without receiving a matching request 715
2026-09-14 07:20:00.338 [warning] RequestStore#acceptReply was called without receiving a matching request 716
2026-09-14 07:20:00.339 [warning] RequestStore#acceptReply was called without receiving a matching request 717
2026-09-14 07:20:00.339 [warning] RequestStore#acceptReply was called without receiving a matching request 718
2026-09-14 07:20:00.340 [warning] RequestStore#acceptReply was called without receiving a matching request 719
2026-09-14 07:20:00.340 [warning] RequestStore#acceptReply was called without receiving a matching request 720
2026-09-14 07:20:00.340 [warning] RequestStore#acceptReply was called without receiving a matching request 721
2026-09-14 07:20:00.395 [warning] UtilityProcess: ignoring environment variable with an invalid name: '=::'
2026-09-14 07:20:00.395 [warning] UtilityProcess: ignoring environment variable with an invalid name: '=C:'
2026-09-14 07:20:00.395 [warning] UtilityProcess: ignoring environment variable with an invalid name: 'CommonProgramFiles(x86)'
2026-09-14 07:20:00.395 [warning] UtilityProcess: ignoring environment variable with an invalid name: 'ProgramFiles(x86)'
2026-09-14 07:20:02.632 [warning] UtilityProcess: ignoring environment variable with an invalid name: 'CommonProgramFiles(x86)'
2026-09-14 07:20:02.632 [warning] UtilityProcess: ignoring environment variable with an invalid name: 'ProgramFiles(x86)'
2026-09-14 07:25:01.264 [info] Extension host with pid 20472 exited with code: 0, signal: unknown.
2026-09-14 07:26:00.364 [warning] RequestStore#acceptReply was called without receiving a matching request 722
2026-09-14 07:26:00.364 [warning] RequestStore#acceptReply was called without receiving a matching request 723
2026-09-14 07:26:00.364 [warning] RequestStore#acceptReply was called without receiving a matching request 724
2026-09-14 07:26:00.364 [warning] RequestStore#acceptReply was called without receiving a matching request 725
2026-09-14 07:26:00.364 [warning] RequestStore#acceptReply was called without receiving a matching request 726
2026-09-14 07:26:00.365 [warning] RequestStore#acceptReply was called without receiving a matching request 727
2026-09-14 07:26:00.366 [warning] RequestStore#acceptReply was called without receiving a matching request 728
2026-09-14 07:26:00.428 [warning] UtilityProcess: ignoring environment variable with an invalid name: '=::'
2026-09-14 07:26:00.428 [warning] UtilityProcess: ignoring environment variable with an invalid name: '=C:'
2026-09-14 07:26:00.428 [warning] UtilityProcess: ignoring environment variable with an invalid name: 'CommonProgramFiles(x86)'
2026-09-14 07:26:00.429 [warning] UtilityProcess: ignoring environment variable with an invalid name: 'ProgramFiles(x86)'
2026-09-14 07:26:02.632 [warning] UtilityProcess: ignoring environment variable with an invalid name: 'CommonProgramFiles(x86)'
2026-09-14 07:26:02.632 [warning] UtilityProcess: ignoring environment variable with an invalid name: 'ProgramFiles(x86)'
2026-09-14 07:30:01.269 [info] Extension host with pid 25652 exited with code: 0, signal: unknown.
2026-09-14 07:32:00.348 [warning] RequestStore#acceptReply was called without receiving a matching request 729
2026-09-14 07:32:00.348 [warning] RequestStore#acceptReply was called without receiving a matching request 730
2026-09-14 07:32:00.349 [warning] RequestStore#acceptReply was called without receiving a matching request 731
2026-09-14 07:32:00.349 [warning] RequestStore#acceptReply was called without receiving a matching request 732
2026-09-14 07:32:00.349 [warning] RequestStore#acceptReply was called without receiving a matching request 733
2026-09-14 07:32:00.349 [warning] RequestStore#acceptReply was called without receiving a matching request 734
2026-09-14 07:32:00.349 [warning] RequestStore#acceptReply was called without receiving a matching request 735
2026-09-14 07:32:00.402 [warning] UtilityProcess: ignoring environment variable with an invalid name: '=::'
2026-09-14 07:32:00.402 [warning] UtilityProcess: ignoring environment variable with an invalid name: '=C:'
2026-09-14 07:32:00.402 [warning] UtilityProcess: ignoring environment variable with an invalid name: 'CommonProgramFiles(x86)'
2026-09-14 07:32:00.402 [warning] UtilityProcess: ignoring environment variable with an invalid name: 'ProgramFiles(x86)'
2026-09-14 07:32:02.637 [warning] UtilityProcess: ignoring environment variable with an invalid name: 'CommonProgramFiles(x86)'
2026-09-14 07:32:02.637 [warning] UtilityProcess: ignoring environment variable with an invalid name: 'ProgramFiles(x86)'
2026-09-14 07:36:00.791 [info] Extension host with pid 16296 exited with code: 0, signal: unknown.
2026-09-14 07:37:00.349 [warning] RequestStore#acceptReply was called without receiving a matching request 736
2026-09-14 07:37:00.350 [warning] RequestStore#acceptReply was called without receiving a matching request 737
2026-09-14 07:37:00.350 [warning] RequestStore#acceptReply was called without receiving a matching request 738
2026-09-14 07:37:00.350 [warning] RequestStore#acceptReply was called without receiving a matching request 739
2026-09-14 07:37:00.350 [warning] RequestStore#acceptReply was called without receiving a matching request 740
2026-09-14 07:37:00.350 [warning] RequestStore#acceptReply was called without receiving a matching request 741
2026-09-14 07:37:00.351 [warning] RequestStore#acceptReply was called without receiving a matching request 742
2026-09-14 07:37:00.399 [warning] UtilityProcess: ignoring environment variable with an invalid name: '=::'
2026-09-14 07:37:00.400 [warning] UtilityProcess: ignoring environment variable with an invalid name: '=C:'
2026-09-14 07:37:00.400 [warning] UtilityProcess: ignoring environment variable with an invalid name: 'CommonProgramFiles(x86)'
2026-09-14 07:37:00.400 [warning] UtilityProcess: ignoring environment variable with an invalid name: 'ProgramFiles(x86)'
2026-09-14 07:37:02.635 [warning] UtilityProcess: ignoring environment variable with an invalid name: 'CommonProgramFiles(x86)'
2026-09-14 07:37:02.636 [warning] UtilityProcess: ignoring environment variable with an invalid name: 'ProgramFiles(x86)'
2026-09-14 07:42:03.472 [info] Extension host with pid 3296 exited with code: 0, signal: unknown.
2026-09-14 07:43:00.317 [warning] RequestStore#acceptReply was called without receiving a matching request 743
2026-09-14 07:43:00.318 [warning] RequestStore#acceptReply was called without receiving a matching request 744
2026-09-14 07:43:00.318 [warning] RequestStore#acceptReply was called without receiving a matching request 745
2026-09-14 07:43:00.318 [warning] RequestStore#acceptReply was called without receiving a matching request 746
2026-09-14 07:43:00.319 [warning] RequestStore#acceptReply was called without receiving a matching request 747
2026-09-14 07:43:00.319 [warning] RequestStore#acceptReply was called without receiving a matching request 748
2026-09-14 07:43:00.319 [warning] RequestStore#acceptReply was called without receiving a matching request 749
2026-09-14 07:43:00.379 [warning] UtilityProcess: ignoring environment variable with an invalid name: '=::'
2026-09-14 07:43:00.379 [warning] UtilityProcess: ignoring environment variable with an invalid name: '=C:'
2026-09-14 07:43:00.379 [warning] UtilityProcess: ignoring environment variable with an invalid name: 'CommonProgramFiles(x86)'
2026-09-14 07:43:00.379 [warning] UtilityProcess: ignoring environment variable with an invalid name: 'ProgramFiles(x86)'
2026-09-14 07:43:02.631 [warning] UtilityProcess: ignoring environment variable with an invalid name: 'CommonProgramFiles(x86)'
2026-09-14 07:43:02.631 [warning] UtilityProcess: ignoring environment variable with an invalid name: 'ProgramFiles(x86)'
2026-09-14 07:47:01.250 [info] Extension host with pid 10932 exited with code: 0, signal: unknown.
2026-09-14 07:48:00.367 [warning] RequestStore#acceptReply was called without receiving a matching request 750
2026-09-14 07:48:00.367 [warning] RequestStore#acceptReply was called without receiving a matching request 751
2026-09-14 07:48:00.368 [warning] RequestStore#acceptReply was called without receiving a matching request 752
2026-09-14 07:48:00.368 [warning] RequestStore#acceptReply was called without receiving a matching request 753
2026-09-14 07:48:00.368 [warning] RequestStore#acceptReply was called without receiving a matching request 754
2026-09-14 07:48:00.369 [warning] RequestStore#acceptReply was called without receiving a matching request 755
2026-09-14 07:48:00.369 [warning] RequestStore#acceptReply was called without receiving a matching request 756
2026-09-14 07:48:00.425 [warning] UtilityProcess: ignoring environment variable with an invalid name: '=::'
2026-09-14 07:48:00.426 [warning] UtilityProcess: ignoring environment variable with an invalid name: '=C:'
2026-09-14 07:48:00.426 [warning] UtilityProcess: ignoring environment variable with an invalid name: 'CommonProgramFiles(x86)'
2026-09-14 07:48:00.426 [warning] UtilityProcess: ignoring environment variable with an invalid name: 'ProgramFiles(x86)'
2026-09-14 07:48:02.632 [warning] UtilityProcess: ignoring environment variable with an invalid name: 'CommonProgramFiles(x86)'
2026-09-14 07:48:02.632 [warning] UtilityProcess: ignoring environment variable with an invalid name: 'ProgramFiles(x86)'
2026-09-14 07:52:02.374 [info] Extension host with pid 19596 exited with code: 0, signal: unknown.
2026-09-14 07:53:00.329 [warning] RequestStore#acceptReply was called without receiving a matching request 757
2026-09-14 07:53:00.329 [warning] RequestStore#acceptReply was called without receiving a matching request 758
2026-09-14 07:53:00.330 [warning] RequestStore#acceptReply was called without receiving a matching request 759
2026-09-14 07:53:00.330 [warning] RequestStore#acceptReply was called without receiving a matching request 760
2026-09-14 07:53:00.331 [warning] RequestStore#acceptReply was called without receiving a matching request 761
2026-09-14 07:53:00.331 [warning] RequestStore#acceptReply was called without receiving a matching request 762
2026-09-14 07:53:00.331 [warning] RequestStore#acceptReply was called without receiving a matching request 763
2026-09-14 07:53:00.393 [warning] UtilityProcess: ignoring environment variable with an invalid name: '=::'
2026-09-14 07:53:00.393 [warning] UtilityProcess: ignoring environment variable with an invalid name: '=C:'
2026-09-14 07:53:00.393 [warning] UtilityProcess: ignoring environment variable with an invalid name: 'CommonProgramFiles(x86)'
2026-09-14 07:53:00.393 [warning] UtilityProcess: ignoring environment variable with an invalid name: 'ProgramFiles(x86)'
2026-09-14 07:53:02.632 [warning] UtilityProcess: ignoring environment variable with an invalid name: 'CommonProgramFiles(x86)'
2026-09-14 07:53:02.632 [warning] UtilityProcess: ignoring environment variable with an invalid name: 'ProgramFiles(x86)'
2026-09-14 07:56:04.886 [info] update#setState checking for updates
2026-09-14 07:56:08.493 [info] update#setState idle
2026-09-14 07:57:38.354 [info] Extension host with pid 10048 exited with code: 0, signal: unknown.
2026-09-14 07:58:00.314 [warning] RequestStore#acceptReply was called without receiving a matching request 764
2026-09-14 07:58:00.314 [warning] RequestStore#acceptReply was called without receiving a matching request 765
2026-09-14 07:58:00.315 [warning] RequestStore#acceptReply was called without receiving a matching request 766
2026-09-14 07:58:00.315 [warning] RequestStore#acceptReply was called without receiving a matching request 767
2026-09-14 07:58:00.315 [warning] RequestStore#acceptReply was called without receiving a matching request 768
2026-09-14 07:58:00.315 [warning] RequestStore#acceptReply was called without receiving a matching request 769
2026-09-14 07:58:00.316 [warning] RequestStore#acceptReply was called without receiving a matching request 770
2026-09-14 07:58:00.368 [warning] UtilityProcess: ignoring environment variable with an invalid name: '=::'
2026-09-14 07:58:00.368 [warning] UtilityProcess: ignoring environment variable with an invalid name: '=C:'
2026-09-14 07:58:00.368 [warning] UtilityProcess: ignoring environment variable with an invalid name: 'CommonProgramFiles(x86)'
2026-09-14 07:58:00.368 [warning] UtilityProcess: ignoring environment variable with an invalid name: 'ProgramFiles(x86)'
2026-09-14 07:58:02.660 [warning] UtilityProcess: ignoring environment variable with an invalid name: 'CommonProgramFiles(x86)'
2026-09-14 07:58:02.660 [warning] UtilityProcess: ignoring environment variable with an invalid name: 'ProgramFiles(x86)'
2026-09-14 08:04:45.271 [info] Extension host with pid 26640 exited with code: 0, signal: unknown.
2026-09-14 08:09:00.319 [warning] RequestStore#acceptReply was called without receiving a matching request 771
2026-09-14 08:09:00.319 [warning] RequestStore#acceptReply was called without receiving a matching request 772
2026-09-14 08:09:00.320 [warning] RequestStore#acceptReply was called without receiving a matching request 773
2026-09-14 08:09:00.320 [warning] RequestStore#acceptReply was called without receiving a matching request 774
2026-09-14 08:09:00.320 [warning] RequestStore#acceptReply was called without receiving a matching request 775
2026-09-14 08:09:00.321 [warning] RequestStore#acceptReply was called without receiving a matching request 776
2026-09-14 08:09:00.321 [warning] RequestStore#acceptReply was called without receiving a matching request 777
2026-09-14 08:09:01.209 [warning] UtilityProcess: ignoring environment variable with an invalid name: '=::'
2026-09-14 08:09:01.209 [warning] UtilityProcess: ignoring environment variable with an invalid name: '=C:'
2026-09-14 08:09:01.209 [warning] UtilityProcess: ignoring environment variable with an invalid name: 'CommonProgramFiles(x86)'
2026-09-14 08:09:01.209 [warning] UtilityProcess: ignoring environment variable with an invalid name: 'ProgramFiles(x86)'
2026-09-14 08:09:02.636 [warning] UtilityProcess: ignoring environment variable with an invalid name: 'CommonProgramFiles(x86)'
2026-09-14 08:09:02.636 [warning] UtilityProcess: ignoring environment variable with an invalid name: 'ProgramFiles(x86)'
2026-09-14 08:14:03.396 [info] Extension host with pid 4372 exited with code: 0, signal: unknown.
2026-09-14 08:15:00.538 [warning] RequestStore#acceptReply was called without receiving a matching request 778
2026-09-14 08:15:00.538 [warning] RequestStore#acceptReply was called without receiving a matching request 779
2026-09-14 08:15:00.539 [warning] RequestStore#acceptReply was called without receiving a matching request 780
2026-09-14 08:15:00.539 [warning] RequestStore#acceptReply was called without receiving a matching request 781
2026-09-14 08:15:00.539 [warning] RequestStore#acceptReply was called without receiving a matching request 782
2026-09-14 08:15:00.539 [warning] RequestStore#acceptReply was called without receiving a matching request 783
2026-09-14 08:15:00.539 [warning] RequestStore#acceptReply was called without receiving a matching request 784
2026-09-14 08:15:00.574 [warning] UtilityProcess: ignoring environment variable with an invalid name: '=::'
2026-09-14 08:15:00.575 [warning] UtilityProcess: ignoring environment variable with an invalid name: '=C:'
2026-09-14 08:15:00.575 [warning] UtilityProcess: ignoring environment variable with an invalid name: 'CommonProgramFiles(x86)'
2026-09-14 08:15:00.575 [warning] UtilityProcess: ignoring environment variable with an invalid name: 'ProgramFiles(x86)'
2026-09-14 08:15:02.679 [warning] UtilityProcess: ignoring environment variable with an invalid name: 'CommonProgramFiles(x86)'
2026-09-14 08:15:02.679 [warning] UtilityProcess: ignoring environment variable with an invalid name: 'ProgramFiles(x86)'
2026-09-14 08:19:05.379 [info] Extension host with pid 25784 exited with code: 0, signal: unknown.
2026-09-14 08:21:00.347 [warning] RequestStore#acceptReply was called without receiving a matching request 785
2026-09-14 08:21:00.348 [warning] RequestStore#acceptReply was called without receiving a matching request 786
2026-09-14 08:21:00.348 [warning] RequestStore#acceptReply was called without receiving a matching request 787
2026-09-14 08:21:00.348 [warning] RequestStore#acceptReply was called without receiving a matching request 788
2026-09-14 08:21:00.349 [warning] RequestStore#acceptReply was called without receiving a matching request 789
2026-09-14 08:21:00.349 [warning] RequestStore#acceptReply was called without receiving a matching request 790
2026-09-14 08:21:00.349 [warning] RequestStore#acceptReply was called without receiving a matching request 791
2026-09-14 08:21:00.405 [warning] UtilityProcess: ignoring environment variable with an invalid name: '=::'
2026-09-14 08:21:00.406 [warning] UtilityProcess: ignoring environment variable with an invalid name: '=C:'
2026-09-14 08:21:00.406 [warning] UtilityProcess: ignoring environment variable with an invalid name: 'CommonProgramFiles(x86)'
2026-09-14 08:21:00.406 [warning] UtilityProcess: ignoring environment variable with an invalid name: 'ProgramFiles(x86)'
2026-09-14 08:21:02.632 [warning] UtilityProcess: ignoring environment variable with an invalid name: 'CommonProgramFiles(x86)'
2026-09-14 08:21:02.632 [warning] UtilityProcess: ignoring environment variable with an invalid name: 'ProgramFiles(x86)'
2026-09-14 08:30:03.394 [info] Extension host with pid 10516 exited with code: 0, signal: unknown.
2026-09-14 08:32:00.326 [warning] RequestStore#acceptReply was called without receiving a matching request 792
2026-09-14 08:32:00.326 [warning] RequestStore#acceptReply was called without receiving a matching request 793
2026-09-14 08:32:00.327 [warning] RequestStore#acceptReply was called without receiving a matching request 794
2026-09-14 08:32:00.327 [warning] RequestStore#acceptReply was called without receiving a matching request 795
2026-09-14 08:32:00.328 [warning] RequestStore#acceptReply was called without receiving a matching request 796
2026-09-14 08:32:00.328 [warning] RequestStore#acceptReply was called without receiving a matching request 797
2026-09-14 08:32:00.328 [warning] RequestStore#acceptReply was called without receiving a matching request 798
2026-09-14 08:32:00.387 [warning] UtilityProcess: ignoring environment variable with an invalid name: '=::'
2026-09-14 08:32:00.387 [warning] UtilityProcess: ignoring environment variable with an invalid name: '=C:'
2026-09-14 08:32:00.387 [warning] UtilityProcess: ignoring environment variable with an invalid name: 'CommonProgramFiles(x86)'
2026-09-14 08:32:00.387 [warning] UtilityProcess: ignoring environment variable with an invalid name: 'ProgramFiles(x86)'
2026-09-14 08:32:02.644 [warning] UtilityProcess: ignoring environment variable with an invalid name: 'CommonProgramFiles(x86)'
2026-09-14 08:32:02.644 [warning] UtilityProcess: ignoring environment variable with an invalid name: 'ProgramFiles(x86)'
2026-09-14 08:36:04.282 [info] Extension host with pid 24164 exited with code: 0, signal: unknown.
2026-09-14 08:36:23.260 [warning] [Tray] Main cloud refresh (poll) failed (1 consecutive) [deadline_exceeded] the operation timed out
2026-09-14 08:37:00.307 [warning] RequestStore#acceptReply was called without receiving a matching request 799
2026-09-14 08:37:00.308 [warning] RequestStore#acceptReply was called without receiving a matching request 800
2026-09-14 08:37:00.308 [warning] RequestStore#acceptReply was called without receiving a matching request 801
2026-09-14 08:37:00.309 [warning] RequestStore#acceptReply was called without receiving a matching request 802
2026-09-14 08:37:00.309 [warning] RequestStore#acceptReply was called without receiving a matching request 803
2026-09-14 08:37:00.309 [warning] RequestStore#acceptReply was called without receiving a matching request 804
2026-09-14 08:37:00.309 [warning] RequestStore#acceptReply was called without receiving a matching request 805
2026-09-14 08:37:00.367 [warning] UtilityProcess: ignoring environment variable with an invalid name: '=::'
2026-09-14 08:37:00.368 [warning] UtilityProcess: ignoring environment variable with an invalid name: '=C:'
2026-09-14 08:37:00.368 [warning] UtilityProcess: ignoring environment variable with an invalid name: 'CommonProgramFiles(x86)'
2026-09-14 08:37:00.368 [warning] UtilityProcess: ignoring environment variable with an invalid name: 'ProgramFiles(x86)'
2026-09-14 08:37:02.632 [warning] UtilityProcess: ignoring environment variable with an invalid name: 'CommonProgramFiles(x86)'
2026-09-14 08:37:02.632 [warning] UtilityProcess: ignoring environment variable with an invalid name: 'ProgramFiles(x86)'
2026-09-14 08:39:39.182 [warning] [Tray] Main cloud refresh (poll) failed (1 consecutive) [deadline_exceeded] the operation timed out
2026-09-14 08:41:04.274 [info] Extension host with pid 13760 exited with code: 0, signal: unknown.
2026-09-14 08:42:00.364 [warning] RequestStore#acceptReply was called without receiving a matching request 806
2026-09-14 08:42:00.365 [warning] RequestStore#acceptReply was called without receiving a matching request 807
2026-09-14 08:42:00.365 [warning] RequestStore#acceptReply was called without receiving a matching request 808
2026-09-14 08:42:00.366 [warning] RequestStore#acceptReply was called without receiving a matching request 809
2026-09-14 08:42:00.366 [warning] RequestStore#acceptReply was called without receiving a matching request 810
2026-09-14 08:42:00.366 [warning] RequestStore#acceptReply was called without receiving a matching request 811
2026-09-14 08:42:00.366 [warning] RequestStore#acceptReply was called without receiving a matching request 812
2026-09-14 08:42:00.424 [warning] UtilityProcess: ignoring environment variable with an invalid name: '=::'
2026-09-14 08:42:00.424 [warning] UtilityProcess: ignoring environment variable with an invalid name: '=C:'
2026-09-14 08:42:00.424 [warning] UtilityProcess: ignoring environment variable with an invalid name: 'CommonProgramFiles(x86)'
2026-09-14 08:42:00.424 [warning] UtilityProcess: ignoring environment variable with an invalid name: 'ProgramFiles(x86)'
2026-09-14 08:42:02.631 [warning] UtilityProcess: ignoring environment variable with an invalid name: 'CommonProgramFiles(x86)'
2026-09-14 08:42:02.632 [warning] UtilityProcess: ignoring environment variable with an invalid name: 'ProgramFiles(x86)'
2026-09-14 08:47:00.833 [info] Extension host with pid 14380 exited with code: 0, signal: unknown.
2026-09-14 08:48:00.389 [warning] RequestStore#acceptReply was called without receiving a matching request 813
2026-09-14 08:48:00.389 [warning] RequestStore#acceptReply was called without receiving a matching request 814
2026-09-14 08:48:00.390 [warning] RequestStore#acceptReply was called without receiving a matching request 815
2026-09-14 08:48:00.390 [warning] RequestStore#acceptReply was called without receiving a matching request 816
2026-09-14 08:48:00.391 [warning] RequestStore#acceptReply was called without receiving a matching request 817
2026-09-14 08:48:00.391 [warning] RequestStore#acceptReply was called without receiving a matching request 818
2026-09-14 08:48:00.391 [warning] RequestStore#acceptReply was called without receiving a matching request 819
2026-09-14 08:48:00.452 [warning] UtilityProcess: ignoring environment variable with an invalid name: '=::'
2026-09-14 08:48:00.452 [warning] UtilityProcess: ignoring environment variable with an invalid name: '=C:'
2026-09-14 08:48:00.452 [warning] UtilityProcess: ignoring environment variable with an invalid name: 'CommonProgramFiles(x86)'
2026-09-14 08:48:00.452 [warning] UtilityProcess: ignoring environment variable with an invalid name: 'ProgramFiles(x86)'
2026-09-14 08:48:02.632 [warning] UtilityProcess: ignoring environment variable with an invalid name: 'CommonProgramFiles(x86)'
2026-09-14 08:48:02.632 [warning] UtilityProcess: ignoring environment variable with an invalid name: 'ProgramFiles(x86)'
2026-09-14 08:51:24.620 [info] update#setState checking for updates
2026-09-14 08:51:24.696 [info] update#setState idle
2026-09-14 08:57:10.408 [info] Extension host with pid 14160 exited with code: 0, signal: unknown.
2026-09-14 08:58:00.340 [warning] RequestStore#acceptReply was called without receiving a matching request 820
2026-09-14 08:58:00.340 [warning] RequestStore#acceptReply was called without receiving a matching request 821
2026-09-14 08:58:00.340 [warning] RequestStore#acceptReply was called without receiving a matching request 822
2026-09-14 08:58:00.340 [warning] RequestStore#acceptReply was called without receiving a matching request 823
2026-09-14 08:58:00.341 [warning] RequestStore#acceptReply was called without receiving a matching request 824
2026-09-14 08:58:00.341 [warning] RequestStore#acceptReply was called without receiving a matching request 825
2026-09-14 08:58:00.341 [warning] RequestStore#acceptReply was called without receiving a matching request 826
2026-09-14 08:58:00.392 [warning] UtilityProcess: ignoring environment variable with an invalid name: '=::'
2026-09-14 08:58:00.392 [warning] UtilityProcess: ignoring environment variable with an invalid name: '=C:'
2026-09-14 08:58:00.392 [warning] UtilityProcess: ignoring environment variable with an invalid name: 'CommonProgramFiles(x86)'
2026-09-14 08:58:00.393 [warning] UtilityProcess: ignoring environment variable with an invalid name: 'ProgramFiles(x86)'
2026-09-14 08:58:02.631 [warning] UtilityProcess: ignoring environment variable with an invalid name: 'CommonProgramFiles(x86)'
2026-09-14 08:58:02.631 [warning] UtilityProcess: ignoring environment variable with an invalid name: 'ProgramFiles(x86)'
2026-09-14 09:02:42.336 [info] Extension host with pid 7756 exited with code: 0, signal: unknown.
2026-09-14 09:04:00.294 [warning] RequestStore#acceptReply was called without receiving a matching request 827
2026-09-14 09:04:00.294 [warning] RequestStore#acceptReply was called without receiving a matching request 828
2026-09-14 09:04:00.295 [warning] RequestStore#acceptReply was called without receiving a matching request 829
2026-09-14 09:04:00.295 [warning] RequestStore#acceptReply was called without receiving a matching request 830
2026-09-14 09:04:00.295 [warning] RequestStore#acceptReply was called without receiving a matching request 831
2026-09-14 09:04:00.295 [warning] RequestStore#acceptReply was called without receiving a matching request 832
2026-09-14 09:04:00.296 [warning] RequestStore#acceptReply was called without receiving a matching request 833
2026-09-14 09:04:00.355 [warning] UtilityProcess: ignoring environment variable with an invalid name: '=::'
2026-09-14 09:04:00.355 [warning] UtilityProcess: ignoring environment variable with an invalid name: '=C:'
2026-09-14 09:04:00.355 [warning] UtilityProcess: ignoring environment variable with an invalid name: 'CommonProgramFiles(x86)'
2026-09-14 09:04:00.355 [warning] UtilityProcess: ignoring environment variable with an invalid name: 'ProgramFiles(x86)'
2026-09-14 09:04:02.636 [warning] UtilityProcess: ignoring environment variable with an invalid name: 'CommonProgramFiles(x86)'
2026-09-14 09:04:02.636 [warning] UtilityProcess: ignoring environment variable with an invalid name: 'ProgramFiles(x86)'
2026-09-14 09:08:03.303 [info] Extension host with pid 7608 exited with code: 0, signal: unknown.
2026-09-14 09:09:00.305 [warning] RequestStore#acceptReply was called without receiving a matching request 834
2026-09-14 09:09:00.306 [warning] RequestStore#acceptReply was called without receiving a matching request 835
2026-09-14 09:09:00.306 [warning] RequestStore#acceptReply was called without receiving a matching request 836
2026-09-14 09:09:00.306 [warning] RequestStore#acceptReply was called without receiving a matching request 837
2026-09-14 09:09:00.307 [warning] RequestStore#acceptReply was called without receiving a matching request 838
2026-09-14 09:09:00.307 [warning] RequestStore#acceptReply was called without receiving a matching request 839
2026-09-14 09:09:00.307 [warning] RequestStore#acceptReply was called without receiving a matching request 840
2026-09-14 09:09:00.352 [warning] UtilityProcess: ignoring environment variable with an invalid name: '=::'
2026-09-14 09:09:00.353 [warning] UtilityProcess: ignoring environment variable with an invalid name: '=C:'
2026-09-14 09:09:00.353 [warning] UtilityProcess: ignoring environment variable with an invalid name: 'CommonProgramFiles(x86)'
2026-09-14 09:09:00.353 [warning] UtilityProcess: ignoring environment variable with an invalid name: 'ProgramFiles(x86)'
2026-09-14 09:09:02.632 [warning] UtilityProcess: ignoring environment variable with an invalid name: 'CommonProgramFiles(x86)'
2026-09-14 09:09:02.633 [warning] UtilityProcess: ignoring environment variable with an invalid name: 'ProgramFiles(x86)'
2026-09-14 09:13:53.318 [info] Extension host with pid 23284 exited with code: 0, signal: unknown.
2026-09-14 09:14:00.359 [warning] RequestStore#acceptReply was called without receiving a matching request 841
2026-09-14 09:14:00.359 [warning] RequestStore#acceptReply was called without receiving a matching request 842
2026-09-14 09:14:00.359 [warning] RequestStore#acceptReply was called without receiving a matching request 843
2026-09-14 09:14:00.398 [warning] RequestStore#acceptReply was called without receiving a matching request 844
2026-09-14 09:14:00.398 [warning] RequestStore#acceptReply was called without receiving a matching request 845
2026-09-14 09:14:00.398 [warning] RequestStore#acceptReply was called without receiving a matching request 846
2026-09-14 09:14:00.398 [warning] RequestStore#acceptReply was called without receiving a matching request 847
2026-09-14 09:14:00.417 [warning] UtilityProcess: ignoring environment variable with an invalid name: '=::'
2026-09-14 09:14:00.417 [warning] UtilityProcess: ignoring environment variable with an invalid name: '=C:'
2026-09-14 09:14:00.417 [warning] UtilityProcess: ignoring environment variable with an invalid name: 'CommonProgramFiles(x86)'
2026-09-14 09:14:00.417 [warning] UtilityProcess: ignoring environment variable with an invalid name: 'ProgramFiles(x86)'
2026-09-14 09:14:02.631 [warning] UtilityProcess: ignoring environment variable with an invalid name: 'CommonProgramFiles(x86)'
2026-09-14 09:14:02.632 [warning] UtilityProcess: ignoring environment variable with an invalid name: 'ProgramFiles(x86)'
2026-09-14 09:16:58.424 [info] Extension host with pid 22456 exited with code: 0, signal: unknown.
2026-09-14 09:19:00.671 [warning] RequestStore#acceptReply was called without receiving a matching request 848
2026-09-14 09:19:00.671 [warning] RequestStore#acceptReply was called without receiving a matching request 849
2026-09-14 09:19:00.671 [warning] RequestStore#acceptReply was called without receiving a matching request 850
2026-09-14 09:19:00.672 [warning] RequestStore#acceptReply was called without receiving a matching request 851
2026-09-14 09:19:00.672 [warning] RequestStore#acceptReply was called without receiving a matching request 852
2026-09-14 09:19:00.673 [warning] RequestStore#acceptReply was called without receiving a matching request 853
2026-09-14 09:19:00.673 [warning] RequestStore#acceptReply was called without receiving a matching request 854
2026-09-14 09:19:00.706 [warning] UtilityProcess: ignoring environment variable with an invalid name: '=::'
2026-09-14 09:19:00.706 [warning] UtilityProcess: ignoring environment variable with an invalid name: '=C:'
2026-09-14 09:19:00.706 [warning] UtilityProcess: ignoring environment variable with an invalid name: 'CommonProgramFiles(x86)'
2026-09-14 09:19:00.706 [warning] UtilityProcess: ignoring environment variable with an invalid name: 'ProgramFiles(x86)'
2026-09-14 09:19:03.627 [warning] UtilityProcess: ignoring environment variable with an invalid name: 'CommonProgramFiles(x86)'
2026-09-14 09:19:03.627 [warning] UtilityProcess: ignoring environment variable with an invalid name: 'ProgramFiles(x86)'
2026-09-14 09:21:48.286 [info] Extension host with pid 14020 exited with code: 0, signal: unknown.
2026-09-14 09:25:00.946 [warning] RequestStore#acceptReply was called without receiving a matching request 855
2026-09-14 09:25:00.946 [warning] RequestStore#acceptReply was called without receiving a matching request 856
2026-09-14 09:25:00.947 [warning] RequestStore#acceptReply was called without receiving a matching request 857
2026-09-14 09:25:00.947 [warning] RequestStore#acceptReply was called without receiving a matching request 858
2026-09-14 09:25:00.948 [warning] RequestStore#acceptReply was called without receiving a matching request 859
2026-09-14 09:25:00.948 [warning] RequestStore#acceptReply was called without receiving a matching request 860
2026-09-14 09:25:00.948 [warning] RequestStore#acceptReply was called without receiving a matching request 861
2026-09-14 09:25:01.002 [warning] UtilityProcess: ignoring environment variable with an invalid name: '=::'
2026-09-14 09:25:01.002 [warning] UtilityProcess: ignoring environment variable with an invalid name: '=C:'
2026-09-14 09:25:01.002 [warning] UtilityProcess: ignoring environment variable with an invalid name: 'CommonProgramFiles(x86)'
2026-09-14 09:25:01.002 [warning] UtilityProcess: ignoring environment variable with an invalid name: 'ProgramFiles(x86)'
2026-09-14 09:25:03.632 [warning] UtilityProcess: ignoring environment variable with an invalid name: 'CommonProgramFiles(x86)'
2026-09-14 09:25:03.632 [warning] UtilityProcess: ignoring environment variable with an invalid name: 'ProgramFiles(x86)'
2026-09-14 09:27:19.489 [info] Extension host with pid 14020 exited with code: 0, signal: unknown.
2026-09-14 09:31:01.192 [warning] RequestStore#acceptReply was called without receiving a matching request 862
2026-09-14 09:31:01.192 [warning] RequestStore#acceptReply was called without receiving a matching request 863
2026-09-14 09:31:01.193 [warning] RequestStore#acceptReply was called without receiving a matching request 864
2026-09-14 09:31:01.193 [warning] RequestStore#acceptReply was called without receiving a matching request 865
2026-09-14 09:31:01.194 [warning] RequestStore#acceptReply was called without receiving a matching request 866
2026-09-14 09:31:01.194 [warning] RequestStore#acceptReply was called without receiving a matching request 867
2026-09-14 09:31:01.194 [warning] RequestStore#acceptReply was called without receiving a matching request 868
2026-09-14 09:31:01.251 [warning] UtilityProcess: ignoring environment variable with an invalid name: '=::'
2026-09-14 09:31:01.251 [warning] UtilityProcess: ignoring environment variable with an invalid name: '=C:'
2026-09-14 09:31:01.251 [warning] UtilityProcess: ignoring environment variable with an invalid name: 'CommonProgramFiles(x86)'
2026-09-14 09:31:01.251 [warning] UtilityProcess: ignoring environment variable with an invalid name: 'ProgramFiles(x86)'
2026-09-14 09:31:02.646 [warning] UtilityProcess: ignoring environment variable with an invalid name: 'CommonProgramFiles(x86)'
2026-09-14 09:31:02.646 [warning] UtilityProcess: ignoring environment variable with an invalid name: 'ProgramFiles(x86)'
2026-09-14 09:47:23.391 [info] update#setState checking for updates
2026-09-14 09:47:23.444 [info] update#setState idle
2026-09-14 09:51:35.977 [warning] [Tray] Main cloud refresh (poll) failed (1 consecutive) [deadline_exceeded] the operation timed out
2026-09-14 10:46:36.094 [info] update#setState checking for updates
2026-09-14 10:46:39.137 [info] update#setState idle
2026-09-14 11:03:08.641 [info] [WorktreeCleanupMainService] Granted cleanup lease id=4 owner=window:1 reason="scheduled-worktree-cleanup"
2026-09-14 11:03:08.641 [info] [WorktreeCleanupMainService] Rejecting cleanup lease for owner=window:2 reason="scheduled-worktree-cleanup" because owner=window:1 leaseId=4 is active
2026-09-14 11:03:09.627 [info] [WorktreeCleanupMainService] Rejecting cleanup lease for owner=window:2 reason="scheduled-worktree-cleanup" because owner=window:1 leaseId=4 is active
2026-09-14 11:03:14.637 [info] [WorktreeCleanupMainService] Releasing cleanup lease id=4 owner=window:1 reason="scheduled-worktree-cleanup" releaseReason="released" heldForMs=5997
2026-09-14 11:41:27.316 [info] update#setState checking for updates
2026-09-14 11:41:29.978 [info] update#setState idle
2026-09-14 12:36:09.022 [info] update#setState checking for updates
2026-09-14 12:36:09.194 [info] update#setState idle
2026-09-14 13:36:09.772 [info] update#setState checking for updates
2026-09-14 13:36:12.798 [info] update#setState downloading
2026-09-14 13:36:14.988 [info] update#setState downloaded
2026-09-14 13:36:15.049 [info] update#setState updating
2026-09-14 13:37:08.955 [info] update#setState ready
2026-09-14 13:59:19.436 [warning] [Tray] Main cloud refresh (poll) failed (1 consecutive) [deadline_exceeded] the operation timed out
2026-09-14 15:31:01.639 [info] [WorktreeCleanupMainService] Granted cleanup lease id=5 owner=window:2 reason="scheduled-worktree-cleanup"
2026-09-14 15:31:01.642 [info] [WorktreeCleanupMainService] Releasing cleanup lease id=5 owner=window:2 reason="scheduled-worktree-cleanup" releaseReason="released" heldForMs=3
2026-09-14 17:03:08.642 [info] [WorktreeCleanupMainService] Granted cleanup lease id=6 owner=window:1 reason="scheduled-worktree-cleanup"
2026-09-14 17:03:08.642 [info] [WorktreeCleanupMainService] Rejecting cleanup lease for owner=window:2 reason="scheduled-worktree-cleanup" because owner=window:1 leaseId=6 is active
2026-09-14 17:03:09.638 [info] [WorktreeCleanupMainService] Rejecting cleanup lease for owner=window:2 reason="scheduled-worktree-cleanup" because owner=window:1 leaseId=6 is active
2026-09-14 17:03:14.631 [info] [WorktreeCleanupMainService] Releasing cleanup lease id=6 owner=window:1 reason="scheduled-worktree-cleanup" releaseReason="released" heldForMs=5989
2026-09-14 17:33:54.840 [warning] [Tray] Main cloud refresh (poll) failed (1 consecutive) [deadline_exceeded] the operation timed out
2026-09-14 18:08:16.870 [warning] [Tray] Main cloud refresh (poll) failed (1 consecutive) [deadline_exceeded] the operation timed out
2026-09-14 18:58:56.803 [info] [UpdateSupervisor] Prepared Win32 supervisor (installationId=501ccda9-9984-49cb-b33f-112f3e266c70, targetVersion=3.20.21)
2026-09-14 18:58:56.886 [info] Extension host with pid 22384 exited with code: 0, signal: unknown.
2026-09-14 18:58:56.899 [info] Extension host with pid 12024 exited with code: 0, signal: unknown.
2026-09-14 18:58:56.903 [info] Extension host with pid 20628 exited with code: 0, signal: unknown.
2026-09-14 18:58:56.915 [info] Extension host with pid 9684 exited with code: 0, signal: unknown.
2026-09-14 18:58:57.182 [info] Extension host with pid 8496 exited with code: 0, signal: unknown.
2026-09-14 18:58:57.185 [info] Extension host with pid 18368 exited with code: 0, signal: unknown.
2026-09-14 18:58:57.708 [info] [UpdateSupervisor] Armed Win32 supervisor (installationId=501ccda9-9984-49cb-b33f-112f3e266c70, pid=19980)
2026-09-14 18:58:57.724 [error] CodeExpectedError: ENOPRO: No file system provider found for resource 'file:///c%3A/Users/andre/AppData/Roaming/Cursor/User/globalStorage/storage.json'
    at mu.withProvider (file:///C:/Users/andre/AppData/Local/Programs/cursor/resources/app/out/main.js:358:3046)
    at async mu.withWriteProvider (file:///C:/Users/andre/AppData/Local/Programs/cursor/resources/app/out/main.js:358:3418)
    at async mu.writeFile (file:///C:/Users/andre/AppData/Local/Programs/cursor/resources/app/out/main.js:358:6131)
    at async O6.doSave (file:///C:/Users/andre/AppData/Local/Programs/cursor/resources/app/out/main.js:57:18683)
